Employee_Name,Last_Name,EmpID,Salary,PositionID,Position,State,Zip,DOB,Sex,MaritalDesc,CitizenDesc,HispanicLatino,RaceDesc,DateofHire,DateofTermination,Termd,TermReason,EmploymentStatus,Department,DeptID,ManagerName,RecruitmentSource,PerformanceScore,PerfScoreID,EngagementSurvey,EmpSatisfaction,SpecialProjectsCount,LastPerformanceReview_Date,DaysLateLast30,Absences
Wilson K Adinolfi,Adinolfi,10026,62506,19,Production Technician I,MA,1960,7/10/1983,Male,Single,US Citizen,No,White,7/5/2011,N/A,0,N/A-Still Employed,Active,Production       ,5,Michael Albert,LinkedIn,Exceeds,4,4.6,5,0,1/17/2019,0,1
Karthikeyan Ait Sidi,Ait Sidi,10084,104437,27,Sr. DBA,MA,2148,5/5/1975,Male,Married,US Citizen,No,White,3/30/2015,6/16/2016,1,Career Change,Voluntarily Terminated,IT/IS,3,Simon Roup,Indeed,Fully Meets,3,4.96,3,6,2/24/2016,0,17
Sarah Akinkuolie,Akinkuolie,10196,64955,20,Production Technician II,MA,1810,9/19/1988,Female,Married,US Citizen,No,White,7/5/2011,9/24/2012,1,Hours,Voluntarily Terminated,Production       ,5,Kissy Sullivan,LinkedIn,Fully Meets,3,3.02,3,0,5/15/2012,0,3
Trina Alagbe,Alagbe,10088,64991,19,Production Technician I,MA,1886,9/27/1988,Female,Married,US Citizen,No,White,1/7/2008,N/A,0,N/A-Still Employed,Active,Production       ,5,Elijiah Gray,Indeed,Fully Meets,3,4.84,5,0,1/3/2019,0,15
Carol Anderson,Anderson,10069,50825,19,Production Technician I,MA,2169,9/8/1989,Female,Divorced,US Citizen,No,White,7/11/2011,9/6/2016,1,Return To School,Voluntarily Terminated,Production       ,5,Webster Butler,Google Search,Fully Meets,3,5,4,0,2/1/2016,0,2
Linda Anderson,Anderson,10002,57568,19,Production Technician I,MA,1844,5/22/1977,Female,Single,US Citizen,No,White,1/9/2012,N/A,0,N/A-Still Employed,Active,Production       ,5,Amy Dunn,LinkedIn,Exceeds,4,5,5,0,1/7/2019,0,15
Colby Andreola,Andreola,10194,95660,24,Software Engineer,MA,2110,5/24/1979,Female,Single,US Citizen,No,White,11/10/2014,N/A,0,N/A-Still Employed,Active,Software Engineering,4,Alex Sweetwater,LinkedIn,Fully Meets,3,3.04,3,4,1/2/2019,0,19
Sam Athwal,Athwal,10062,59365,19,Production Technician I,MA,2199,2/18/1983,Male,Widowed,US Citizen,No,White,9/30/2013,N/A,0,N/A-Still Employed,Active,Production       ,5,Ketsia Liebig,Employee Referral,Fully Meets,3,5,4,0,2/25/2019,0,19
Linda Bachiochi,Bachiochi,10114,47837,19,Production Technician I,MA,1902,2/11/1970,Female,Single,US Citizen,No,Black or African American,7/6/2009,N/A,0,N/A-Still Employed,Active,Production       ,5,Brannon Miller,Diversity Job Fair,Fully Meets,3,4.46,3,0,1/25/2019,0,4
Alejandro Bacong,Bacong,10250,50178,14,IT Support,MA,1886,1/7/1988,Male,Divorced,US Citizen,No,White,1/5/2015,N/A,0,N/A-Still Employed,Active,IT/IS,3,Peter Monroe,Indeed,Fully Meets,3,5,5,6,2/18/2019,0,16
Rachael Baczenski,Baczenski,10252,54670,19,Production Technician I,MA,1902,1/12/1974,Female,Married,US Citizen,Yes,Black or African American,1/10/2011,1/12/2017,1,Another Position,Voluntarily Terminated,Production       ,5,David Stanley,Diversity Job Fair,Fully Meets,3,4.2,4,0,1/30/2016,0,12
Thomas Barbara,Barbara,10242,47211,19,Production Technician I,MA,2062,2/21/1974,Male,Married,US Citizen,Yes,Black or African American,4/2/2012,9/19/2016,1,Unhappy,Voluntarily Terminated,Production       ,5,Kissy Sullivan,Diversity Job Fair,Fully Meets,3,4.2,3,0,5/6/2016,0,15
Hector Barbossa,Barbossa,10012,92328,9,Data Analyst,TX,78230,7/4/1988,Male,Divorced,US Citizen,No,Black or African American,11/10/2014,N/A,0,N/A-Still Employed,Active,IT/IS,3,Simon Roup,Diversity Job Fair,Exceeds,4,4.28,4,5,2/25/2019,0,9
Francesco A Barone,Barone,10265,58709,19,Production Technician I,MA,1810,7/20/1983,Male,Single,US Citizen,No,Two or more races,2/20/2012,N/A,0,N/A-Still Employed,Active,Production       ,5,Kelley Spirea,Google Search,Fully Meets,3,4.6,4,0,2/14/2019,0,7
Nader Barton,Barton,10066,52505,19,Production Technician I,MA,2747,7/15/1977,Male,Divorced,US Citizen,No,White,9/24/2012,4/6/2017,1,Another Position,Voluntarily Terminated,Production       ,5,Michael Albert,On-line Web application,Fully Meets,3,5,5,0,3/2/2017,0,1
Norman Bates,Bates,10061,57834,19,Production Technician I,MA,2050,10/18/1981,Male,Single,US Citizen,No,White,2/21/2011,8/4/2017,1,Attendance,Terminated for Cause,Production       ,5,Kelley Spirea,Google Search,Fully Meets,3,5,4,0,4/5/2017,0,20
Kimberly Beak,Beak,10023,70131,20,Production Technician II,MA,2145,4/17/1966,Female,Married,US Citizen,No,White,7/21/2016,N/A,0,N/A-Still Employed,Active,Production       ,5,Kelley Spirea,Employee Referral,Exceeds,4,4.4,3,0,1/14/2019,0,16
Courtney Beatrice,Beatrice,10055,59026,19,Production Technician I,MA,1915,10/27/1970,Female,Single,Eligible NonCitizen,No,White,4/4/2011,N/A,0,N/A-Still Employed,Active,Production       ,5,Elijiah Gray,Google Search,Fully Meets,3,5,5,0,1/14/2019,0,12
Renee Becker,Becker,10245,110000,8,Database Administrator,MA,2026,4/4/1986,Female,Single,US Citizen,Yes,White,7/7/2014,9/12/2015,1,Performance,Terminated for Cause,IT/IS,3,Simon Roup,Google Search,Fully Meets,3,4.5,4,5,1/15/2015,0,8
Scott Becker,Becker,10277,53250,19,Production Technician I,MA,2452,4/6/1979,Male,Single,US Citizen,No,Asian,7/8/2013,N/A,0,N/A-Still Employed,Active,Production       ,5,Webster Butler,LinkedIn,Fully Meets,3,4.2,4,0,1/11/2019,0,13
Sean Bernstein,Bernstein,10046,51044,19,Production Technician I,MA,2072,12/22/1970,Male,Single,US Citizen,Yes,White,4/2/2012,N/A,0,N/A-Still Employed,Active,Production       ,5,Amy Dunn,Google Search,Fully Meets,3,5,3,0,1/14/2019,0,13
Lowan M Biden,Biden,10226,64919,19,Production Technician I,MA,2027,12/27/1958,Female,Divorced,US Citizen,No,Asian,8/19/2013,N/A,0,N/A-Still Employed,Active,Production       ,5,Ketsia Liebig,Indeed,Fully Meets,3,4.2,3,0,1/10/2019,0,2
Helen Billis,Billis,10003,62910,19,Production Technician I,MA,2031,9/1/1989,Female,Married,US Citizen,No,White,7/7/2014,N/A,0,N/A-Still Employed,Active,Production       ,5,Brannon Miller,Indeed,Exceeds,4,5,3,0,2/27/2019,0,19
Dianna Blount,Blount,10294,66441,20,Production Technician II,MA,2171,9/21/1990,Female,Single,US Citizen,No,White,4/4/2011,N/A,0,N/A-Still Employed,Active,Production       ,5,Michael Albert,CareerBuilder,Needs Improvement,2,2,3,0,2/27/2019,2,3
Betsy Bondwell,Bondwell,10267,57815,20,Production Technician II,MA,2210,1/16/1967,Female,Single,US Citizen,No,White,1/10/2011,4/4/2014,1,Career Change,Voluntarily Terminated,Production       ,5,Elijiah Gray,Google Search,Fully Meets,3,4.8,5,0,3/4/2014,0,5
Frank Booth,Booth,10199,103613,30,Enterprise Architect,CT,6033,7/30/1964,Male,Single,US Citizen,No,Black or African American,2/17/2014,2/19/2016,1,Learned That He Is A Gangster,Terminated for Cause,IT/IS,3,Simon Roup,LinkedIn,Fully Meets,3,3.5,5,7,1/10/2016,0,2
Bonalyn Boutwell,Boutwell,10081,106367,26,Sr. Accountant,MA,2468,4/4/1987,Female,Married,US Citizen,No,Black or African American,2/16/2015,N/A,0,N/A-Still Employed,Active,Admin Offices,1,Brandon R. LeBlanc,Diversity Job Fair,Fully Meets,3,5,4,3,2/18/2019,0,4
Charles Bozzi,Bozzi,10175,74312,18,Production Manager,MA,1901,3/10/1970,Male,Single,US Citizen,No,Asian,9/30/2013,8/7/2014,1,Retiring,Voluntarily Terminated,Production       ,5,Janet King,Indeed,Fully Meets,3,3.39,3,0,2/20/2014,0,14
Donna Brill,Brill,10177,53492,19,Production Technician I,MA,1701,8/24/1990,Female,Married,US Citizen,No,White,4/2/2012,6/15/2013,1,Another Position,Voluntarily Terminated,Production       ,5,David Stanley,Google Search,Fully Meets,3,3.35,4,0,3/4/2013,0,6
Mia Brown,Brown,10238,63000,1,Accountant I,MA,1450,11/24/1987,Female,Married,US Citizen,No,Black or African American,10/27/2008,N/A,0,N/A-Still Employed,Active,Admin Offices,1,Brandon R. LeBlanc,Diversity Job Fair,Fully Meets,3,4.5,2,6,1/15/2019,0,14
Joseph Buccheri,Buccheri,10184,65288,20,Production Technician II,MA,1013,7/28/1983,Male,Single,US Citizen,No,White,9/29/2014,N/A,0,N/A-Still Employed,Active,Production       ,5,Webster Butler,Google Search,Fully Meets,3,3.19,3,0,2/1/2019,0,9
Josephine Bugali,Bugali,10203,64375,19,Production Technician I,MA,2043,10/30/1969,Female,Separated,US Citizen,No,Black or African American,11/11/2013,N/A,0,N/A-Still Employed,Active,Production       ,5,Kissy Sullivan,Diversity Job Fair,Fully Meets,3,3.5,5,0,1/21/2019,0,17
Jessica Bunbury,Bunbury,10188,74326,3,Area Sales Manager,VA,21851,6/1/1964,Female,Married,Eligible NonCitizen,No,Black or African American,8/15/2011,8/2/2014,1,Another Position,Voluntarily Terminated,Sales,6,John Smith,Google Search,Fully Meets,3,3.14,5,0,2/10/2013,1,19
Joelle Burke,Burke,10107,63763,20,Production Technician II,MA,2148,3/2/1980,Female,Single,US Citizen,No,Black or African American,3/5/2012,N/A,0,N/A-Still Employed,Active,Production       ,5,Amy Dunn,Employee Referral,Fully Meets,3,4.51,4,0,2/21/2019,0,3
Benjamin Burkett,Burkett,10181,62162,20,Production Technician II,MA,1890,8/19/1977,Male,Married,US Citizen,No,White,4/4/2011,N/A,0,N/A-Still Employed,Active,Production       ,5,Ketsia Liebig,Indeed,Fully Meets,3,3.25,5,0,1/14/2019,0,15
Max Cady,Cady,10150,77692,25,Software Engineering Manager,MA,2184,11/22/1966,Male,Single,US Citizen,No,White,8/15/2011,N/A,0,N/A-Still Employed,Active,Software Engineering,4,Jennifer Zamora,Google Search,Fully Meets,3,3.84,3,5,1/21/2019,0,4
Calvin Candie,Candie,10001,72640,18,Production Manager,MA,2169,8/9/1983,Male,Single,US Citizen,No,White,1/28/2016,N/A,0,N/A-Still Employed,Active,Production       ,5,Janet King,Indeed,Exceeds,4,5,3,0,2/22/2019,0,14
Judith Carabbio,Carabbio,10085,93396,24,Software Engineer,MA,2132,4/5/1987,Female,Single,US Citizen,No,White,11/11/2013,N/A,0,N/A-Still Employed,Active,Software Engineering,4,Alex Sweetwater,Indeed,Fully Meets,3,4.96,4,6,1/30/2019,0,3
Michael Carey,Carey,10115,52846,19,Production Technician I,MA,1701,2/2/1983,Male,Single,US Citizen,No,Black or African American,3/31/2014,N/A,0,N/A-Still Employed,Active,Production       ,5,Kelley Spirea,LinkedIn,Fully Meets,3,4.43,3,0,2/1/2019,0,14
Claudia N Carr,Carr,10082,100031,27,Sr. DBA,MA,1886,6/6/1986,Female,Single,US Citizen,No,Black or African American,6/30/2016,N/A,0,N/A-Still Employed,Active,IT/IS,3,Simon Roup,LinkedIn,Fully Meets,3,5,5,6,2/18/2019,0,7
Michelle Carter,Carter,10040,71860,3,Area Sales Manager,VT,5664,5/15/1963,Female,Single,US Citizen,No,White,8/18/2014,N/A,0,N/A-Still Employed,Active,Sales,6,John Smith,Indeed,Fully Meets,3,5,5,0,1/21/2019,0,7
Beatrice Chace,Chace,10067,61656,19,Production Technician I,MA,2763,1/2/1951,Female,Single,US Citizen,No,White,9/29/2014,N/A,0,N/A-Still Employed,Active,Production       ,5,Michael Albert,Google Search,Fully Meets,3,5,4,0,2/12/2019,0,11
Brian Champaigne,Champaigne,10108,110929,5,BI Director,MA,2045,2/9/1972,Male,Married,US Citizen,No,White,9/6/2016,N/A,0,N/A-Still Employed,Active,IT/IS,3,Jennifer Zamora,Indeed,Fully Meets,3,4.5,5,7,1/15/2019,0,8
Lin Chan,Chan,10210,54237,19,Production Technician I,MA,2170,2/12/1979,Female,Single,US Citizen,No,White,5/12/2014,N/A,0,N/A-Still Employed,Active,Production       ,5,Elijiah Gray,Indeed,Fully Meets,3,3.3,4,0,2/19/2019,0,11
Donovan E Chang,Chang,10154,60380,19,Production Technician I,MA,1845,8/24/1983,Male,Single,US Citizen,No,White,7/8/2013,N/A,0,N/A-Still Employed,Active,Production       ,5,Webster Butler,LinkedIn,Fully Meets,3,3.8,5,0,1/14/2019,0,4
Anton Chigurh,Chigurh,10200,66808,3,Area Sales Manager,TX,78207,6/11/1970,Male,Single,Eligible NonCitizen,No,Black or African American,5/14/2012,N/A,0,N/A-Still Employed,Active,Sales,6,Lynn Daneault,Employee Referral,Fully Meets,3,3,5,0,1/19/2019,0,17
Enola Chivukula,Chivukula,10240,64786,19,Production Technician I,MA,1775,8/27/1983,Female,Single,US Citizen,No,White,6/27/2011,11/15/2015,1,Relocation Out Of Area,Voluntarily Terminated,Production       ,5,Amy Dunn,Indeed,Fully Meets,3,4.3,4,0,3/10/2015,0,3
Caroline Cierpiszewski,Cierpiszewski,10168,64816,19,Production Technician I,MA,2044,5/31/1988,Female,Single,Non-Citizen,No,Black or African American,10/3/2011,N/A,0,N/A-Still Employed,Active,Production       ,5,Ketsia Liebig,Indeed,Fully Meets,3,3.58,5,0,1/30/2019,0,3
Rick Clayton,Clayton,10220,68678,14,IT Support,MA,2170,9/5/1985,Male,Single,US Citizen,No,White,9/5/2012,N/A,0,N/A-Still Employed,Active,IT/IS,3,Eric Dougall,Indeed,Fully Meets,3,4.7,3,6,2/27/2019,0,2
Jennifer Cloninger,Cloninger,10275,64066,20,Production Technician II,MA,1752,8/31/1981,Female,Married,US Citizen,No,White,5/16/2011,1/7/2013,1,Unhappy,Voluntarily Terminated,Production       ,5,Brannon Miller,Google Search,Fully Meets,3,4.2,5,0,5/3/2012,0,9
Phil Close,Close,10269,59369,20,Production Technician II,MA,2169,11/25/1978,Male,Married,US Citizen,No,White,8/30/2010,9/26/2011,1,Career Change,Voluntarily Terminated,Production       ,5,David Stanley,Indeed,Fully Meets,3,4.2,4,0,5/4/2011,0,6
Elijian Clukey,Clukey,10029,50373,19,Production Technician I,MA,2134,8/26/1980,Male,Married,US Citizen,No,White,7/6/2016,N/A,0,N/A-Still Employed,Active,Production       ,5,Brannon Miller,Employee Referral,Exceeds,4,4.1,4,0,2/28/2019,0,5
James Cockel,Cockel,10261,63108,19,Production Technician I,MA,2452,9/8/1977,Male,Single,US Citizen,No,White,7/8/2013,N/A,0,N/A-Still Employed,Active,Production       ,5,David Stanley,Employee Referral,Fully Meets,3,4.4,5,0,1/14/2019,0,3
Spencer Cole,Cole,10292,59144,19,Production Technician I,MA,1880,8/12/1979,Male,Single,US Citizen,No,Black or African American,7/11/2011,9/23/2016,1,Performance,Terminated for Cause,Production       ,5,Kissy Sullivan,LinkedIn,Needs Improvement,2,2,3,0,5/1/2016,5,16
Michael Corleone,Corleone,10282,68051,18,Production Manager,MA,1803,12/17/1975,Male,Divorced,US Citizen,No,White,7/20/2010,N/A,0,N/A-Still Employed,Active,Production       ,5,Janet King,CareerBuilder,Needs Improvement,2,4.13,2,0,1/14/2019,3,3
Vito Corleone,Corleone,10019,170500,10,Director of Operations,MA,2030,3/19/1983,Male,Single,US Citizen,No,Black or African American,1/5/2009,N/A,0,N/A-Still Employed,Active,Production       ,5,Janet King,Indeed,Exceeds,4,3.7,5,0,2/4/2019,0,15
Lisa Cornett,Cornett,10094,63381,19,Production Technician I,MA,2189,3/31/1977,Female,Married,US Citizen,Yes,White,1/5/2015,N/A,0,N/A-Still Employed,Active,Production       ,5,Kelley Spirea,Indeed,Fully Meets,3,4.73,5,0,2/14/2019,0,6
Frank Costello,Costello,10193,83552,9,Data Analyst,MA,1810,8/26/1986,Male,Married,US Citizen,No,White,3/30/2015,N/A,0,N/A-Still Employed,Active,IT/IS,3,Simon Roup,Indeed,Fully Meets,3,3.04,3,6,1/22/2019,0,2
Jean Crimmings,Crimmings,10132,56149,19,Production Technician I,MA,1821,4/10/1987,Female,Single,US Citizen,No,White,7/6/2016,N/A,0,N/A-Still Employed,Active,Production       ,5,Michael Albert,LinkedIn,Fully Meets,3,4.12,5,0,1/28/2019,0,15
Noah Cross,Cross,10083,92329,28,Sr. Network Engineer,CT,6278,9/9/1965,Male,Single,US Citizen,No,White,11/10/2014,N/A,0,N/A-Still Employed,Active,IT/IS,3,Peter Monroe,Employee Referral,Fully Meets,3,5,3,4,1/2/2019,0,5
Lynn Daneault,Daneault,10099,65729,21,Sales Manager,VT,5473,4/19/1990,Female,Single,US Citizen,No,White,5/5/2014,N/A,0,N/A-Still Employed,Active,Sales,6,Debra Houlihan,Indeed,Fully Meets,3,4.62,4,0,1/24/2019,0,8
Ann Daniele,Daniele,10212,85028,28,Sr. Network Engineer,CT,6033,1/18/1952,Female,Married,US Citizen,No,White,11/10/2014,N/A,0,N/A-Still Employed,Active,IT/IS,3,Peter Monroe,LinkedIn,Fully Meets,3,3.1,5,8,2/12/2019,0,19
Jene'ya Darson,Darson,10056,57583,19,Production Technician I,MA,2110,11/5/1978,Female,Married,US Citizen,No,White,7/2/2012,N/A,0,N/A-Still Employed,Active,Production       ,5,Elijiah Gray,Indeed,Fully Meets,3,5,3,0,2/25/2019,0,1
Daniel Davis,Davis,10143,56294,20,Production Technician II,MA,2458,9/14/1979,Male,Single,Eligible NonCitizen,No,Two or more races,11/7/2011,N/A,0,N/A-Still Employed,Active,Production       ,5,Kissy Sullivan,LinkedIn,Fully Meets,3,3.96,4,0,2/27/2019,0,6
Randy Dee,Dee,10311,56991,19,Production Technician I,MA,2138,4/15/1988,Male,Married,US Citizen,No,White,7/9/2018,N/A,0,N/A-Still Employed,Active,Production       ,6,Brannon Miller,Indeed,Fully Meets,1,4.3,4,3,1/31/2019,2,2
James DeGweck,DeGweck,10070,55722,19,Production Technician I,MA,1810,10/31/1977,Male,Married,US Citizen,No,White,5/16/2011,6/8/2016,1,Unhappy,Voluntarily Terminated,Production       ,5,Webster Butler,Indeed,Fully Meets,3,5,4,0,4/2/2016,0,14
Keyla Del Bosque,Del Bosque,10155,101199,24,Software Engineer,MA,2176,7/5/1979,Female,Single,US Citizen,No,Black or African American,1/9/2012,N/A,0,N/A-Still Employed,Active,Software Engineering,4,Alex Sweetwater,CareerBuilder,Fully Meets,3,3.79,5,5,1/25/2019,0,8
Alex Delarge,Delarge,10306,61568,3,Area Sales Manager,AL,36006,11/2/1975,Male,Single,US Citizen,No,Two or more races,9/29/2014,N/A,0,N/A-Still Employed,Active,Sales,6,John Smith,Indeed,PIP,1,1.93,3,0,1/30/2019,6,5
Carla Demita,Demita,10100,58275,20,Production Technician II,MA,2343,2/25/1951,Female,Separated,US Citizen,No,Black or African American,4/4/2011,11/4/2015,1,More Money,Voluntarily Terminated,Production       ,5,Kelley Spirea,Google Search,Fully Meets,3,4.62,5,0,5/6/2015,0,1
Carl Desimone,Desimone,10310,53189,19,Production Technician I,MA,2061,4/19/1967,Male,Married,US Citizen,No,White,7/7/2014,N/A,0,N/A-Still Employed,Active,Production       ,5,Amy Dunn,Indeed,PIP,1,1.12,2,0,1/31/2019,4,9
Tommy DeVito,DeVito,10197,96820,4,BI Developer,MA,2045,9/4/1983,Male,Single,US Citizen,No,White,2/15/2017,N/A,0,N/A-Still Employed,Active,IT/IS,3,Brian Champaigne,Indeed,Fully Meets,3,3.01,5,7,1/23/2019,0,15
Geoff Dickinson,Dickinson,10276,51259,19,Production Technician I,MA,2180,11/15/1982,Male,Single,US Citizen,No,White,5/12/2014,N/A,0,N/A-Still Employed,Active,Production       ,5,Ketsia Liebig,Indeed,Fully Meets,3,4.3,4,0,2/19/2019,0,1
Jenna Dietrich,Dietrich,10304,59231,3,Area Sales Manager,WA,98052,5/14/1987,Female,Single,US Citizen,Yes,White,2/20/2012,N/A,0,N/A-Still Employed,Active,Sales,6,John Smith,Website,PIP,1,2.3,1,0,1/29/2019,2,17
Lily DiNocco,DiNocco,10284,61584,19,Production Technician I,MA,2351,12/2/1978,Female,Married,US Citizen,No,Black or African American,1/7/2013,N/A,0,N/A-Still Employed,Active,Production       ,5,Brannon Miller,Indeed,Needs Improvement,2,3.88,4,0,1/18/2019,0,6
Denisa S Dobrin,Dobrin,10207,46335,19,Production Technician I,MA,2125,10/7/1986,Female,Single,US Citizen,Yes,White,4/2/2012,N/A,0,N/A-Still Employed,Active,Production       ,5,David Stanley,CareerBuilder,Fully Meets,3,3.4,5,0,2/19/2019,0,15
Linda Dolan,Dolan,10133,70621,14,IT Support,MA,2119,7/18/1988,Female,Married,US Citizen,No,White,1/5/2015,N/A,0,N/A-Still Employed,Active,IT/IS,3,Peter Monroe,Employee Referral,Fully Meets,3,4.11,4,6,2/25/2019,0,16
Eric Dougall,Dougall,10028,138888,13,IT Manager - Support,MA,1886,7/9/1970,Male,Single,US Citizen,No,Black or African American,1/5/2014,N/A,0,N/A-Still Employed,Active,IT/IS,3,Jennifer Zamora,Indeed,Exceeds,4,4.3,5,5,1/4/2019,0,4
Elle Driver,Driver,10006,74241,3,Area Sales Manager,CA,90007,11/8/1988,Female,Single,US Citizen,No,White,1/10/2011,N/A,0,N/A-Still Employed,Active,Sales,6,Lynn Daneault,Indeed,Exceeds,4,4.77,5,0,1/27/2019,0,14
Amy Dunn,Dunn,10105,75188,18,Production Manager,MA,1731,11/28/1973,Female,Single,US Citizen,No,White,9/18/2014,N/A,0,N/A-Still Employed,Active,Production       ,5,Janet King,Google Search,Fully Meets,3,4.52,4,0,1/15/2019,0,4
Amy Dunne,Dunne,10211,62514,19,Production Technician I,MA,1749,9/23/1973,Female,Married,US Citizen,No,White,4/26/2010,N/A,0,N/A-Still Employed,Active,Production       ,5,Ketsia Liebig,Google Search,Fully Meets,3,2.9,3,0,1/21/2019,0,6
Marianne Eaton,Eaton,10064,60070,19,Production Technician I,MA,2343,9/5/1991,Female,Married,US Citizen,No,White,4/4/2011,6/6/2017,1,Military,Voluntarily Terminated,Production       ,5,Kissy Sullivan,Google Search,Fully Meets,3,5,3,0,4/9/2017,0,7
Jean Engdahl,Engdahl,10247,48888,19,Production Technician I,MA,2026,5/31/1974,Male,Single,US Citizen,No,White,11/10/2014,N/A,0,N/A-Still Employed,Active,Production       ,5,Kelley Spirea,LinkedIn,Fully Meets,3,4.7,5,0,2/13/2019,0,8
Rex England,England,10235,54285,19,Production Technician I,MA,2045,8/25/1978,Male,Married,US Citizen,No,White,3/31/2014,N/A,0,N/A-Still Employed,Active,Production       ,5,Kelley Spirea,Employee Referral,Fully Meets,3,4.2,3,0,1/11/2019,0,3
Angela Erilus,Erilus,10299,56847,20,Production Technician II,MA,2133,8/25/1989,Female,Separated,US Citizen,No,White,7/7/2014,N/A,0,N/A-Still Employed,Active,Production       ,5,Michael Albert,Indeed,PIP,1,3,1,0,2/25/2019,2,5
Miguel Estremera,Estremera,10280,60340,19,Production Technician I,MA,2129,9/2/1983,Male,Single,US Citizen,No,White,4/2/2012,9/27/2018,1,Attendance,Terminated for Cause,Production       ,5,Michael Albert,Google Search,Needs Improvement,2,5,4,0,4/12/2018,5,16
April Evensen,Evensen,10296,59124,19,Production Technician I,MA,2458,5/6/1989,Female,Single,US Citizen,No,White,2/17/2014,2/25/2018,1,No-Call,,,,,,,,,,,,,
Susan Exantus,Exantus,10290,99280,24,Software Engineer,MA,1749,5/15/1987,Female,Married,US Citizen,No,Black or African American,5/2/2011,6/5/2013,1,Attendance,Terminated for Cause,Software Engineering,4,Alex Sweetwater,Indeed,Needs Improvement,2,2.1,5,4,8/10/2012,4,19
Megan Faller,Faller,10263,71776,20,Production Technician II,MA,1824,9/22/1978,Female,Married,US Citizen,No,Black or African American,7/7/2014,N/A,0,N/A-Still Employed,Active,Production       ,5,Elijiah Gray,LinkedIn,Fully Meets,3,4.4,5,0,2/22/2019,0,17
Nicole Fancett,Fancett,10136,65902,20,Production Technician II,MA,2324,9/27/1987,Female,Single,US Citizen,No,Black or African American,2/17/2014,N/A,0,N/A-Still Employed,Active,Production       ,5,Webster Butler,LinkedIn,Fully Meets,3,4,4,0,1/7/2019,0,7
Susan Ferguson,Ferguson,10189,57748,19,Production Technician I,MA,2176,4/14/1955,Female,Married,US Citizen,No,White,11/7/2011,5/17/2016,1,Military,Voluntarily Terminated,Production       ,5,Webster Butler,Google Search,Fully Meets,3,3.13,3,0,2/4/2016,0,16
Nilson Fernandes,Fernandes,10308,64057,19,Production Technician I,MA,2132,10/18/1989,Male,Married,US Citizen,No,White,5/11/2015,N/A,0,N/A-Still Employed,Active,Production       ,5,Amy Dunn,Indeed,PIP,1,1.56,5,0,1/3/2019,6,15
Boba Fett,Fett,10309,53366,15,Network Engineer,MA,2138,6/18/1987,Male,Single,US Citizen,No,White,3/30/2015,N/A,0,N/A-Still Employed,Active,IT/IS,3,Peter Monroe,LinkedIn,PIP,1,1.2,3,6,2/4/2019,3,2
Libby Fidelia,Fidelia,10049,58530,19,Production Technician I,MA,2155,3/16/1981,Female,Married,US Citizen,No,White,1/9/2012,N/A,0,N/A-Still Employed,Active,Production       ,5,Brannon Miller,Google Search,Fully Meets,3,5,5,0,1/29/2019,0,19
Michael J Fitzpatrick,Fitzpatrick,10093,72609,20,Production Technician II,MA,2143,10/1/1981,Male,Single,US Citizen,Yes,White,5/16/2011,6/24/2013,1,Hours,Voluntarily Terminated,Production       ,5,Amy Dunn,Google Search,Fully Meets,3,4.76,5,0,4/5/2013,0,20
Tanya Foreman,Foreman,10163,55965,20,Production Technician II,MA,2170,11/8/1983,Female,Married,US Citizen,No,White,4/4/2011,1/9/2013,1,Career Change,Voluntarily Terminated,Production       ,5,Ketsia Liebig,Google Search,Fully Meets,3,3.66,3,0,1/7/2012,0,6
Alex Forrest,Forrest,10305,70187,3,Area Sales Manager,MA,2330,7/7/1975,Male,Married,US Citizen,No,White,9/29/2014,8/19/2018,1,Fatal Attraction,Terminated for Cause,Sales,6,Lynn Daneault,Employee Referral,PIP,3,2,5,0,1/28/2019,4,7
Jason Foss,Foss,10015,178000,12,IT Director,MA,1460,7/5/1980,Male,Single,US Citizen,No,Black or African American,4/15/2011,N/A,0,N/A-Still Employed,Active,IT/IS,3,Jennifer Zamora,Indeed,Exceeds,4,5,5,5,1/7/2019,0,15
Amy Foster-Baker,Foster-Baker,10080,99351,26,Sr. Accountant,MA,2050,4/16/1979,Female,Married,US Citizen,no,White,1/5/2009,N/A,0,N/A-Still Employed,Active,Admin Offices,1,Board of Directors,Other,Fully Meets,3,5,3,2,2/8/2019,0,3
Maruk Fraval,Fraval,10258,67251,3,Area Sales Manager,CT,6050,8/28/1963,Male,Single,US Citizen,No,Black or African American,9/6/2011,N/A,0,N/A-Still Employed,Active,Sales,6,Lynn Daneault,CareerBuilder,Fully Meets,3,4.3,3,0,1/27/2019,2,7
Lisa Galia,Galia,10273,65707,14,IT Support,CT,6040,7/6/1968,Female,Single,US Citizen,No,White,5/1/2010,N/A,0,N/A-Still Employed,Active,IT/IS,3,Eric Dougall,LinkedIn,Fully Meets,3,4.7,4,5,2/1/2019,0,1
Raul Garcia,Garcia,10111,52249,19,Production Technician I,MA,1905,9/15/1985,Male,Single,US Citizen,Yes,White,3/30/2015,N/A,0,N/A-Still Employed,Active,Production       ,5,David Stanley,Employee Referral,Fully Meets,3,4.5,3,0,2/18/2019,0,5
Barbara Gaul,Gaul,10257,53171,19,Production Technician I,MA,2121,12/2/1983,Female,Single,US Citizen,Yes,Black or African American,5/16/2011,N/A,0,N/A-Still Employed,Active,Production       ,5,Kelley Spirea,LinkedIn,Fully Meets,3,4.2,4,0,2/26/2019,0,12
Mildred Gentry,Gentry,10159,51337,19,Production Technician I,MA,2145,10/1/1990,Female,Married,US Citizen,No,Black or African American,3/30/2015,N/A,0,N/A-Still Employed,Active,Production       ,5,Michael Albert,LinkedIn,Fully Meets,3,3.73,3,0,1/16/2019,0,19
Melisa Gerke,Gerke,10122,51505,19,Production Technician I,MA,2330,5/15/1970,Female,Divorced,US Citizen,No,Black or African American,11/7/2011,11/15/2016,1,Hours,Voluntarily Terminated,Production       ,5,Elijiah Gray,Diversity Job Fair,Fully Meets,3,4.24,4,0,4/29/2016,0,2
Whitney Gill,Gill,10142,59370,3,Area Sales Manager,OH,43050,7/10/1971,Female,Widowed,US Citizen,No,Black or African American,7/7/2014,9/5/2015,1,Attendance,Terminated for Cause,Sales,6,John Smith,CareerBuilder,Fully Meets,3,3.97,4,0,1/15/2014,0,7
Alex Gilles,Gilles,10283,54933,19,Production Technician I,MA,2062,8/9/1974,Male,Married,US Citizen,No,Black or African American,4/2/2012,6/25/2015,1,Military,Voluntarily Terminated,Production       ,5,Webster Butler,Diversity Job Fair,Needs Improvement,2,3.97,4,0,1/20/2015,3,15
Evelyn Girifalco,Girifalco,10018,57815,19,Production Technician I,MA,2451,5/8/1980,Female,Single,US Citizen,Yes,Two or more races,9/29/2014,N/A,0,N/A-Still Employed,Active,Production       ,5,Amy Dunn,Indeed,Exceeds,4,3.9,4,0,2/7/2019,0,3
Myriam Givens,Givens,10255,61555,3,Area Sales Manager,IN,46204,9/22/1989,Female,Single,US Citizen,No,White,2/16/2015,N/A,0,N/A-Still Employed,Active,Sales,6,Lynn Daneault,Indeed,Fully Meets,3,4.5,5,0,1/25/2019,0,20
Taisha Goble,Goble,10246,114800,8,Database Administrator,MA,2127,10/23/1971,Female,Single,US Citizen,No,White,2/16/2015,3/15/2015,1,No-Call,,,,,,,,,,,,,
Amon Goeth,Goeth,10228,74679,14,IT Support,MA,2135,11/24/1989,Male,Married,US Citizen,Yes,White,3/30/2015,N/A,0,N/A-Still Employed,Active,IT/IS,3,Peter Monroe,LinkedIn,Fully Meets,3,4.3,5,7,1/10/2019,0,20
Shenice Gold,Gold,10243,53018,19,Production Technician I,MA,2451,6/18/1992,Female,Single,US Citizen,Yes,White,11/11/2013,N/A,0,N/A-Still Employed,Active,Production       ,5,Ketsia Liebig,Indeed,Fully Meets,3,4.3,5,0,2/18/2019,0,7
Cayo Gonzalez,Gonzalez,10031,59892,19,Production Technician I,MA,2108,9/29/1969,Male,Divorced,US Citizen,No,Black or African American,7/11/2011,N/A,0,N/A-Still Employed,Active,Production       ,5,Brannon Miller,Diversity Job Fair,Exceeds,4,4.5,4,0,2/18/2019,0,1
Juan Gonzalez,Gonzalez,10300,68898,20,Production Technician II,MA,2128,10/12/1964,Male,Married,US Citizen,No,Black or African American,4/26/2010,5/30/2011,1,Career Change,Voluntarily Terminated,Production       ,5,Brannon Miller,Diversity Job Fair,PIP,1,3,3,0,3/6/2011,3,10
Maria Gonzalez,Gonzalez,10101,61242,14,IT Support,MA,2472,4/16/1981,Female,Separated,US Citizen,Yes,White,1/5/2015,N/A,0,N/A-Still Employed,Active,IT/IS,3,Peter Monroe,Employee Referral,Fully Meets,3,4.61,4,5,1/28/2019,0,11
Susan Good,Good,10237,66825,20,Production Technician II,MA,1886,5/25/1986,Female,Married,US Citizen,No,White,5/12/2014,N/A,0,N/A-Still Employed,Active,Production       ,5,David Stanley,LinkedIn,Fully Meets,3,4.6,3,0,2/7/2019,0,20
David Gordon,Gordon,10051,48285,19,Production Technician I,MA,2169,5/21/1979,Male,Married,US Citizen,No,White,7/2/2012,N/A,0,N/A-Still Employed,Active,Production       ,5,David Stanley,LinkedIn,Fully Meets,3,5,3,0,1/14/2019,0,2
Phylicia Gosciminski,Gosciminski,10218,66149,20,Production Technician II,MA,1824,12/8/1983,Female,Separated,US Citizen,No,American Indian or Alaska Native,9/30/2013,N/A,0,N/A-Still Employed,Active,Production       ,5,Kissy Sullivan,Google Search,Fully Meets,3,4.4,5,0,2/21/2019,0,1
Roxana Goyal,Goyal,10256,49256,19,Production Technician I,MA,1864,10/9/1974,Female,Married,US Citizen,No,Asian,8/19/2013,N/A,0,N/A-Still Employed,Active,Production       ,5,Kissy Sullivan,LinkedIn,Fully Meets,3,4.1,5,0,2/15/2019,0,3
Elijiah Gray,Gray,10098,62957,18,Production Manager,MA,1752,7/11/1981,Male,Divorced,US Citizen,No,White,6/2/2015,N/A,0,N/A-Still Employed,Active,Production       ,5,Janet King,Employee Referral,Fully Meets,3,4.63,3,0,1/4/2019,0,2
Paula Gross,Gross,10059,63813,19,Production Technician I,MA,2176,5/21/1983,Female,Divorced,US Citizen,No,White,2/21/2011,1/11/2014,1,More Money,Voluntarily Terminated,Production       ,5,Kelley Spirea,CareerBuilder,Fully Meets,3,5,5,0,6/3/2013,0,17
Hans Gruber,Gruber,10234,99020,4,BI Developer,MA,2134,6/30/1989,Male,Married,US Citizen,No,Black or African American,4/20/2017,N/A,0,N/A-Still Employed,Active,IT/IS,3,Brian Champaigne,Indeed,Fully Meets,3,4.2,5,5,1/28/2019,0,8
Mike Guilianno,Guilianno,10109,71707,3,Area Sales Manager,TN,37129,2/9/1969,Male,Single,US Citizen,No,Two or more races,3/7/2012,10/31/2014,1,Relocation Out Of Area,Voluntarily Terminated,Sales,6,John Smith,LinkedIn,Fully Meets,3,4.5,5,0,2/1/2013,0,20
Joanne Handschiegl,Handschiegl,10125,54828,19,Production Technician I,MA,2127,3/23/1977,Female,Married,US Citizen,No,White,11/28/2011,N/A,0,N/A-Still Employed,Active,Production       ,5,Michael Albert,Google Search,Fully Meets,3,4.2,4,0,2/22/2019,0,13
Earnest Hankard,Hankard,10074,64246,20,Production Technician II,MA,2155,8/10/1988,Male,Single,US Citizen,Yes,White,11/11/2013,N/A,0,N/A-Still Employed,Active,Production       ,5,Kelley Spirea,LinkedIn,Fully Meets,3,5,3,0,1/8/2019,0,20
Christie Harrington,Harrington,10097,52177,19,Production Technician I,MA,2324,8/18/1952,Female,Single,US Citizen,No,White,1/9/2012,12/15/2015,1,Retiring,Voluntarily Terminated,Production       ,5,Webster Butler,CareerBuilder,Fully Meets,3,4.64,4,0,5/2/2015,0,8
Kara Harrison,Harrison,10007,62065,19,Production Technician I,MA,1886,5/2/1974,Female,Married,US Citizen,No,White,5/12/2014,N/A,0,N/A-Still Employed,Active,Production       ,5,Amy Dunn,CareerBuilder,Exceeds,4,4.76,4,0,2/15/2019,0,5
Anthony Heitzman,Heitzman,10129,46998,19,Production Technician I,MA,2149,1/4/1984,Male,Single,US Citizen,No,White,8/13/2012,N/A,0,N/A-Still Employed,Active,Production       ,5,Ketsia Liebig,Google Search,Fully Meets,3,4.17,4,0,2/11/2019,0,1
Trina Hendrickson,Hendrickson,10075,68099,20,Production Technician II,MA,2021,8/27/1972,Female,Single,US Citizen,No,White,1/10/2011,6/18/2013,1,Hours,Voluntarily Terminated,Production       ,5,Kelley Spirea,CareerBuilder,Fully Meets,3,5,3,0,1/30/2013,0,15
Alfred Hitchcock,Hitchcock,10167,70545,3,Area Sales Manager,NH,3062,9/14/1988,Male,Married,US Citizen,No,American Indian or Alaska Native,8/18/2014,N/A,0,N/A-Still Employed,Active,Sales,6,John Smith,Indeed,Fully Meets,3,3.6,5,0,1/30/2019,0,9
Adrienne J Homberger,Homberger,10195,63478,20,Production Technician II,MA,2445,2/16/1984,Female,Married,Non-Citizen,No,White,8/15/2011,4/7/2012,1,Relocation Out Of Area,Voluntarily Terminated,Production       ,5,Michael Albert,Indeed,Fully Meets,3,3.03,5,0,3/5/2012,0,16
Jayne Horton,Horton,10112,97999,8,Database Administrator,MA,2493,2/21/1984,Female,Single,US Citizen,No,White,3/30/2015,N/A,0,N/A-Still Employed,Active,IT/IS,3,Simon Roup,Indeed,Fully Meets,3,4.48,5,6,1/3/2019,0,4
Debra Houlihan,Houlihan,10272,180000,11,Director of Sales,RI,2908,3/17/1966,Female,Married,US Citizen,No,White,5/5/2014,N/A,0,N/A-Still Employed,Active,Sales,6,Janet King,LinkedIn,Fully Meets,3,4.5,4,0,1/21/2019,0,19
Estelle Howard,Howard,10182,49920,2,Administrative Assistant,MA,2170,9/16/1985,Female,Married,US Citizen,No,Black or African American,2/16/2015,4/15/2015,1,No-Call,,,,,,,,,,,,,
Jane Hudson,Hudson,10248,55425,19,Production Technician I,MA,2176,6/10/1986,Female,Single,US Citizen,No,White,2/20/2012,N/A,0,N/A-Still Employed,Active,Production       ,5,Ketsia Liebig,LinkedIn,Fully Meets,3,4.8,4,0,1/7/2019,0,4
Julissa Hunts,Hunts,10201,69340,20,Production Technician II,MA,2021,3/11/1984,Female,Single,US Citizen,No,White,6/6/2016,N/A,0,N/A-Still Employed,Active,Production       ,5,Elijiah Gray,LinkedIn,Fully Meets,3,3,5,0,1/18/2019,0,4
Rosalie Hutter,Hutter,10214,64995,20,Production Technician II,MA,2351,5/7/1992,Female,Separated,US Citizen,No,White,6/5/2015,N/A,0,N/A-Still Employed,Active,Production       ,5,Webster Butler,Indeed,Fully Meets,3,4.5,3,0,2/14/2019,0,6
Ming Huynh,Huynh,10160,68182,20,Production Technician II,MA,1742,9/22/1976,Female,Divorced,US Citizen,No,White,2/21/2011,4/1/2013,1,Unhappy,Voluntarily Terminated,Production       ,5,Amy Dunn,Google Search,Fully Meets,3,3.72,3,0,2/1/2013,0,18
Walter Immediato,Immediato,10289,83082,18,Production Manager,MA,2128,11/15/1976,Male,Married,US Citizen,No,Asian,2/21/2011,9/24/2012,1,Unhappy,Voluntarily Terminated,Production       ,5,Janet King,Indeed,Needs Improvement,2,2.34,2,0,4/12/2012,3,4
Rose Ivey,Ivey,10139,51908,19,Production Technician I,MA,1775,1/28/1991,Female,Single,US Citizen,No,White,8/19/2013,N/A,0,N/A-Still Employed,Active,Production       ,5,Brannon Miller,Indeed,Fully Meets,3,3.99,3,0,1/14/2019,0,14
Maryellen Jackson,Jackson,10227,61242,19,Production Technician I,MA,2081,9/11/1972,Female,Single,US Citizen,No,Black or African American,11/5/2012,N/A,0,N/A-Still Employed,Active,Production       ,5,David Stanley,LinkedIn,Fully Meets,3,4.1,3,0,1/17/2019,0,7
Hannah Jacobi,Jacobi,10236,45069,19,Production Technician I,MA,1778,3/22/1966,Female,Divorced,US Citizen,No,White,9/30/2013,N/A,0,N/A-Still Employed,Active,Production       ,5,Kissy Sullivan,Employee Referral,Fully Meets,3,4.3,5,0,2/22/2019,0,7
Tayana Jeannite,Jeannite,10009,60724,20,Production Technician II,MA,1821,11/6/1986,Female,Divorced,US Citizen,No,American Indian or Alaska Native,7/5/2011,N/A,0,N/A-Still Employed,Active,Production       ,5,Ketsia Liebig,LinkedIn,Exceeds,4,4.6,4,0,2/25/2019,0,11
Sneha Jhaveri,Jhaveri,10060,60436,19,Production Technician I,MA,2109,4/13/1964,Female,Separated,US Citizen,No,White,1/6/2014,N/A,0,N/A-Still Employed,Active,Production       ,5,Kelley Spirea,LinkedIn,Fully Meets,3,5,5,0,1/21/2019,0,9
George Johnson,Johnson,10034,46837,19,Production Technician I,MA,2445,8/19/1959,Male,Married,US Citizen,No,White,11/7/2011,4/29/2018,1,More Money,Voluntarily Terminated,Production       ,5,Michael Albert,CareerBuilder,Exceeds,4,4.7,4,0,2/14/2018,0,9
Noelle Johnson,Johnson,10156,105700,8,Database Administrator,MA,2301,11/7/1986,Female,Married,US Citizen,No,Asian,1/5/2015,N/A,0,N/A-Still Employed,Active,IT/IS,3,Simon Roup,Indeed,Fully Meets,3,3.75,3,5,2/11/2019,0,2
Yen Johnston,Johnston,10036,63322,20,Production Technician II,MA,2128,9/8/1969,Female,Single,US Citizen,No,White,7/7/2014,N/A,0,N/A-Still Employed,Active,Production       ,5,Brannon Miller,LinkedIn,Exceeds,4,4.3,3,0,1/11/2019,0,1
Judy Jung,Jung,10138,61154,19,Production Technician I,MA,2446,4/17/1986,Female,Married,US Citizen,No,Black or African American,1/10/2011,4/1/2016,1,Unhappy,Voluntarily Terminated,Production       ,5,Elijiah Gray,CareerBuilder,Fully Meets,3,4,4,0,2/3/2016,0,4
Donysha Kampew,Kampew,10244,68999,21,Sales Manager,PA,19444,11/11/1989,Female,Single,US Citizen,No,White,11/7/2011,4/24/2014,1,Maternity Leave - Did Not Return,Voluntarily Terminated,Sales,6,Debra Houlihan,Google Search,Fully Meets,3,4.5,5,0,3/30/2013,0,2
Kramer Keatts,Keatts,10192,50482,19,Production Technician I,MA,1887,1/19/1976,Male,Single,US Citizen,No,White,9/30/2013,N/A,0,N/A-Still Employed,Active,Production       ,5,Michael Albert,Indeed,Fully Meets,3,3.07,4,0,1/23/2019,0,10
Bartholemew Khemmich,Khemmich,10231,65310,3,Area Sales Manager,CO,80820,11/27/1979,Male,Single,US Citizen,No,White,8/19/2013,N/A,0,N/A-Still Employed,Active,Sales,6,Lynn Daneault,Indeed,Fully Meets,3,4.3,5,0,1/22/2019,0,13
Janet King,King,10089,250000,16,President & CEO,MA,1902,9/21/1954,Female,Married,US Citizen,Yes,White,7/2/2012,N/A,0,N/A-Still Employed,Active,Executive Office,2,Board of Directors,Indeed,Fully Meets,3,4.83,3,0,1/17/2019,0,10
Kathleen Kinsella,Kinsella,10166,54005,19,Production Technician I,MA,2170,12/8/1973,Female,Married,US Citizen,No,White,9/26/2011,6/4/2015,1,More Money,Voluntarily Terminated,Production       ,5,Webster Butler,Google Search,Fully Meets,3,3.6,5,0,3/1/2015,0,16
Alexandra Kirill,Kirill,10170,45433,19,Production Technician I,MA,2127,10/8/1970,Female,Married,US Citizen,No,White,9/26/2011,1/9/2014,1,More Money,Voluntarily Terminated,Production       ,5,Amy Dunn,Google Search,Fully Meets,3,3.49,4,0,1/30/2013,0,6
Bradley J Knapp,Knapp,10208,46654,19,Production Technician I,MA,1721,11/10/1977,Male,Single,US Citizen,No,Black or African American,2/17/2014,N/A,0,N/A-Still Employed,Active,Production       ,5,Ketsia Liebig,LinkedIn,Fully Meets,3,3.1,3,0,2/6/2019,0,3
John Kretschmer,Kretschmer,10176,63973,19,Production Technician I,MA,1801,2/2/1980,Male,Married,US Citizen,No,Asian,1/10/2011,N/A,0,N/A-Still Employed,Active,Production       ,5,Brannon Miller,Indeed,Fully Meets,3,3.38,3,0,1/21/2019,0,17
Freddy Kreuger,Kreuger,10165,71339,3,Area Sales Manager,NY,10171,2/24/1969,Male,Single,US Citizen,Yes,Black or African American,3/7/2011,N/A,0,N/A-Still Employed,Active,Sales,6,John Smith,Diversity Job Fair,Fully Meets,3,3.65,5,0,1/17/2019,0,20
Jyoti Lajiri,Lajiri,10113,93206,28,Sr. Network Engineer,MA,2169,4/23/1986,Male,Married,US Citizen,No,White,11/10/2014,N/A,0,N/A-Still Employed,Active,IT/IS,3,Peter Monroe,Employee Referral,Fully Meets,3,4.46,5,6,1/7/2019,0,7
Hans Landa,Landa,10092,82758,18,Production Manager,MA,1890,7/1/1972,Male,Married,US Citizen,No,White,1/10/2011,12/12/2015,1,Attendance,Terminated for Cause,Production       ,5,Janet King,Employee Referral,Fully Meets,3,4.78,4,0,2/15/2015,0,9
Lindsey Langford,Langford,10106,66074,20,Production Technician II,MA,2090,7/25/1979,Female,Divorced,US Citizen,No,Asian,1/7/2013,3/31/2014,1,Another Position,Voluntarily Terminated,Production       ,5,David Stanley,Indeed,Fully Meets,3,4.52,3,0,2/20/2014,0,20
Enrico Langton,Langton,10052,46120,19,Production Technician I,MA,2048,12/9/1986,Male,Married,US Citizen,No,White,7/9/2012,N/A,0,N/A-Still Employed,Active,Production       ,5,David Stanley,LinkedIn,Fully Meets,3,5,5,0,2/4/2019,0,13
William LaRotonda,LaRotonda,10038,64520,1,Accountant I,MA,1460,4/26/1984,Male,Divorced,US Citizen,No,Black or African American,1/6/2014,N/A,0,N/A-Still Employed,Active,Admin Offices,1,Brandon R. LeBlanc,Website,Fully Meets,3,5,4,4,1/17/2019,0,3
Mohammed Latif,Latif,10249,61962,20,Production Technician II,MA,2126,5/9/1984,Male,Married,US Citizen,No,White,4/2/2012,4/15/2013,1,More Money,Voluntarily Terminated,Production       ,5,Kissy Sullivan,Google Search,Fully Meets,3,4.9,3,0,2/20/2013,0,20
Binh Le,Le,10232,81584,22,Senior BI Developer,MA,1886,6/14/1987,Female,Single,US Citizen,No,Asian,10/2/2016,N/A,0,N/A-Still Employed,Active,IT/IS,3,Brian Champaigne,Indeed,Fully Meets,3,4.1,5,7,1/8/2019,0,2
Dallas Leach,Leach,10087,63676,19,Production Technician I,MA,1810,1/17/1979,Female,Single,US Citizen,No,Asian,9/26/2011,8/19/2018,1,Return To School,Voluntarily Terminated,Production       ,5,Kissy Sullivan,CareerBuilder,Fully Meets,3,4.88,3,0,7/2/2017,0,17
Brandon R LeBlanc,LeBlanc,10134,93046,23,Shared Services Manager,MA,1460,6/10/1984,Male,Married,US Citizen,No,White,1/5/2016,N/A,0,N/A-Still Employed,Active,Admin Offices,1,Janet King,CareerBuilder,Fully Meets,3,4.1,4,0,1/28/2019,0,20
Hannibal Lecter,Lecter,10251,64738,19,Production Technician I,MA,1776,9/2/1982,Male,Married,US Citizen,No,Asian,5/14/2012,N/A,0,N/A-Still Employed,Active,Production       ,5,Elijiah Gray,Google Search,Fully Meets,3,4.1,3,0,2/22/2019,0,10
Giovanni Leruth,Leruth,10103,70468,3,Area Sales Manager,UT,84111,12/27/1988,Male,Separated,US Citizen,No,Black or African American,4/30/2012,N/A,0,N/A-Still Employed,Active,Sales,6,John Smith,Website,Fully Meets,3,4.53,3,0,1/29/2019,0,16
Ketsia Liebig,Liebig,10017,77915,18,Production Manager,MA,2110,10/26/1981,Female,Married,US Citizen,No,White,9/30/2013,N/A,0,N/A-Still Employed,Active,Production       ,5,Janet King,Website,Exceeds,4,4.1,3,0,1/21/2019,0,11
Marilyn Linares,Linares,10186,52624,19,Production Technician I,MA,1886,3/26/1981,Female,Married,US Citizen,No,White,7/5/2011,9/26/2018,1,Unhappy,Voluntarily Terminated,Production       ,5,Michael Albert,Indeed,Fully Meets,3,3.18,4,0,3/2/2018,0,16
Mathew Linden,Linden,10137,63450,20,Production Technician II,MA,1770,3/19/1979,Male,Married,US Citizen,No,White,7/8/2013,N/A,0,N/A-Still Employed,Active,Production       ,5,Kelley Spirea,LinkedIn,Fully Meets,3,4,3,0,2/18/2019,0,7
Leonara Lindsay,Lindsay,10008,51777,14,IT Support,CT,6070,10/5/1988,Female,Single,US Citizen,Yes,Black or African American,1/21/2011,N/A,0,N/A-Still Employed,Active,IT/IS,3,Eric Dougall,Diversity Job Fair,Exceeds,4,4.64,4,5,1/25/2019,0,14
Susan Lundy,Lundy,10096,67237,20,Production Technician II,MA,2122,12/26/1976,Female,Widowed,US Citizen,No,White,7/8/2013,9/15/2016,1,More Money,Voluntarily Terminated,Production       ,5,Michael Albert,LinkedIn,Fully Meets,3,4.65,4,0,6/10/2016,0,15
Lisa Lunquist,Lunquist,10035,73330,20,Production Technician II,MA,2324,3/28/1982,Female,Single,US Citizen,No,Black or African American,8/19/2013,N/A,0,N/A-Still Employed,Active,Production       ,5,Elijiah Gray,Indeed,Exceeds,4,4.2,4,0,2/12/2019,0,19
Allison Lydon,Lydon,10057,52057,19,Production Technician I,MA,2122,10/22/1975,Female,Married,US Citizen,No,Black or African American,2/16/2015,N/A,0,N/A-Still Employed,Active,Production       ,5,Elijiah Gray,Website,Fully Meets,3,5,3,0,1/23/2019,0,6
Lindsay Lynch,Lynch,10004,47434,19,Production Technician I,MA,1844,2/14/1973,Female,Single,US Citizen,Yes,Black or African American,11/7/2011,11/14/2015,1,Another Position,Voluntarily Terminated,Production       ,5,Webster Butler,Diversity Job Fair,Exceeds,4,5,4,0,2/2/2015,0,17
Samuel MacLennan,MacLennan,10191,52788,19,Production Technician I,MA,1938,11/9/1972,Male,Widowed,US Citizen,No,White,9/24/2012,9/26/2017,1,Hours,Voluntarily Terminated,Production       ,5,Amy Dunn,Indeed,Fully Meets,3,3.08,4,0,4/1/2017,0,18
Lauren Mahoney,Mahoney,10219,45395,19,Production Technician I,MA,2189,7/7/1986,Female,Single,US Citizen,No,White,1/6/2014,N/A,0,N/A-Still Employed,Active,Production       ,5,Ketsia Liebig,LinkedIn,Fully Meets,3,4.6,4,0,2/26/2019,0,14
Robyn Manchester,Manchester,10077,62385,20,Production Technician II,MA,2324,8/25/1976,Female,Married,US Citizen,No,White,5/11/2016,N/A,0,N/A-Still Employed,Active,Production       ,5,Webster Butler,LinkedIn,Fully Meets,3,5,3,0,1/21/2019,0,4
Karen Mancuso,Mancuso,10073,68407,20,Production Technician II,MA,2176,12/10/1986,Female,Married,US Citizen,No,Two or more races,7/5/2011,8/19/2012,1,Another Position,Voluntarily Terminated,Production       ,5,Amy Dunn,LinkedIn,Fully Meets,3,5,4,0,7/2/2012,0,16
Debbie Mangal,Mangal,10279,61349,19,Production Technician I,MA,2451,11/7/1974,Female,Married,US Citizen,No,White,11/11/2013,N/A,0,N/A-Still Employed,Active,Production       ,5,Brannon Miller,LinkedIn,Fully Meets,3,4.1,3,0,1/22/2019,0,11
Sandra Martin,Martin,10110,105688,24,Software Engineer,MA,2135,11/7/1987,Female,Single,US Citizen,No,Asian,11/11/2013,N/A,0,N/A-Still Employed,Active,Software Engineering,4,Alex Sweetwater,Google Search,Fully Meets,3,4.5,5,4,1/14/2019,0,14
Shana Maurice,Maurice,10053,54132,19,Production Technician I,MA,2330,11/22/1977,Female,Married,US Citizen,No,White,5/31/2011,N/A,0,N/A-Still Employed,Active,Production       ,5,David Stanley,Indeed,Fully Meets,3,5,4,0,1/10/2019,0,8
B'rigit Carthy,Carthy,10076,55315,20,Production Technician II,MA,2149,5/21/1987,Female,Single,US Citizen,No,Black or African American,3/30/2015,N/A,0,N/A-Still Employed,Active,Production       ,5,Ketsia Liebig,LinkedIn,Fully Meets,3,5,5,0,2/7/2019,0,16
Sandy Mckenna,Mckenna,10145,62810,19,Production Technician I,MA,2184,1/7/1987,Female,Married,US Citizen,No,Black or African American,1/7/2013,N/A,0,N/A-Still Employed,Active,Production       ,5,Kissy Sullivan,CareerBuilder,Fully Meets,3,3.93,3,0,1/30/2019,0,20
Jac McKinzie,McKinzie,10202,63291,3,Area Sales Manager,TX,78789,7/1/1984,Male,Married,US Citizen,No,Two or more races,7/6/2016,N/A,0,N/A-Still Employed,Active,Sales,6,Lynn Daneault,Website,Fully Meets,3,3.4,4,0,1/29/2019,0,7
Elizabeth Meads,Meads,10128,62659,19,Production Technician I,MA,1760,5/30/1968,Female,Single,US Citizen,No,Black or African American,4/2/2012,11/11/2016,1,Another Position,Voluntarily Terminated,Production       ,5,Kelley Spirea,Diversity Job Fair,Fully Meets,3,4.18,4,0,2/5/2016,0,17
Jennifer Medeiros,Medeiros,10068,55688,19,Production Technician I,MA,2346,9/22/1976,Female,Single,US Citizen,No,White,3/30/2015,N/A,0,N/A-Still Employed,Active,Production       ,5,Michael Albert,CareerBuilder,Fully Meets,3,5,4,0,1/21/2019,0,10
Brannon Miller,Miller,10116,83667,18,Production Manager,MA,2045,8/10/1981,Male,Single,US Citizen,yes,Hispanic,8/16/2012,N/A,0,N/A-Still Employed,Active,Production       ,5,Janet King,Indeed,Fully Meets,3,4.37,3,0,1/14/2019,0,2
Ned Miller,Miller,10298,55800,20,Production Technician II,MA,2472,6/29/1985,Male,Single,US Citizen,No,White,8/15/2011,9/4/2014,1,Unhappy,Voluntarily Terminated,Production       ,5,Brannon Miller,LinkedIn,PIP,1,3,2,0,1/14/2013,6,6
Erasumus Monkfish,Monkfish,10213,58207,20,Production Technician II,MA,1450,8/17/1992,Male,Married,US Citizen,No,White,11/7/2011,N/A,0,N/A-Still Employed,Active,Production       ,5,David Stanley,LinkedIn,Fully Meets,3,3.7,3,0,1/8/2019,0,14
Peter Monroe,Monroe,10288,157000,13,IT Manager - Infra,MA,2134,10/5/1986,Male,Married,Eligible NonCitizen,Yes,Black or African American,2/15/2012,N/A,0,N/A-Still Employed,Active,IT/IS,3,Jennifer Zamora,Diversity Job Fair,Needs Improvement,2,2.39,3,6,2/22/2019,4,13
Luisa Monterro,Monterro,10025,72460,20,Production Technician II,MA,2126,4/24/1970,Female,Single,US Citizen,No,Black or African American,5/13/2013,N/A,0,N/A-Still Employed,Active,Production       ,5,Kissy Sullivan,Indeed,Exceeds,4,4.7,3,0,1/14/2019,0,1
Patrick Moran,Moran,10223,72106,20,Production Technician II,MA,2127,12/3/1976,Male,Single,US Citizen,No,Black or African American,1/9/2012,N/A,0,N/A-Still Employed,Active,Production       ,5,Kelley Spirea,Diversity Job Fair,Fully Meets,3,4.1,4,0,1/31/2019,0,12
Tanya Morway,Morway,10151,52599,15,Network Engineer,MA,2048,4/4/1979,Female,Married,US Citizen,No,White,2/16/2015,N/A,0,N/A-Still Employed,Active,IT/IS,3,Peter Monroe,CareerBuilder,Fully Meets,3,3.81,3,6,2/11/2019,0,6
Dawn Motlagh,Motlagh,10254,63430,19,Production Technician I,MA,2453,7/7/1984,Female,Divorced,US Citizen,No,White,4/1/2013,N/A,0,N/A-Still Employed,Active,Production       ,5,Elijiah Gray,LinkedIn,Fully Meets,3,4.4,4,0,1/17/2019,0,18
Maliki Moumanil,Moumanil,10120,74417,20,Production Technician II,MA,1460,12/1/1974,Male,Separated,US Citizen,No,Black or African American,5/13/2013,N/A,0,N/A-Still Employed,Active,Production       ,5,Michael Albert,LinkedIn,Fully Meets,3,4.29,5,0,1/28/2019,0,11
Michael Myers,Myers,10216,57575,19,Production Technician I,MA,1550,4/18/1980,Male,Single,US Citizen,No,Asian,7/8/2013,N/A,0,N/A-Still Employed,Active,Production       ,5,Kissy Sullivan,LinkedIn,Fully Meets,3,4.1,4,0,1/22/2019,0,13
Kurt Navathe,Navathe,10079,87921,22,Senior BI Developer,MA,2056,4/25/1970,Male,Single,US Citizen,No,Asian,2/10/2017,N/A,0,N/A-Still Employed,Active,IT/IS,3,Brian Champaigne,Indeed,Fully Meets,3,5,3,6,2/25/2019,0,17
Colombui Ndzi,Ndzi,10215,50470,19,Production Technician I,MA,2110,5/2/1989,Male,Single,US Citizen,No,Black or African American,9/26/2011,4/4/2014,1,Return To School,Voluntarily Terminated,Production       ,5,Webster Butler,Diversity Job Fair,Fully Meets,3,4.3,3,0,3/2/2013,0,19
Horia Ndzi,Ndzi,10185,46664,19,Production Technician I,MA,2421,3/28/1983,Male,Married,US Citizen,No,White,4/1/2013,5/25/2016,1,More Money,Voluntarily Terminated,Production       ,5,Amy Dunn,Employee Referral,Fully Meets,3,3.18,3,0,3/6/2016,0,10
Richard Newman,Newman,10063,48495,19,Production Technician I,MA,2136,4/8/1977,Male,Married,US Citizen,No,White,5/12/2014,N/A,0,N/A-Still Employed,Active,Production       ,5,Ketsia Liebig,LinkedIn,Fully Meets,3,5,5,0,2/18/2019,0,11
Shari Ngodup,Ngodup,10037,52984,19,Production Technician I,MA,1810,6/3/1967,Female,Separated,US Citizen,No,Black or African American,4/1/2013,N/A,0,N/A-Still Employed,Active,Production       ,5,Brannon Miller,Diversity Job Fair,Exceeds,4,4,3,0,2/13/2019,0,12
Dheepa Nguyen,Nguyen,10042,63695,3,Area Sales Manager,GA,30428,3/31/1989,Female,Single,US Citizen,No,Two or more races,7/8/2013,N/A,0,N/A-Still Employed,Active,Sales,6,Lynn Daneault,Indeed,Fully Meets,3,5,5,0,1/25/2019,0,2
Lei-Ming Nguyen,Nguyen,10206,62061,19,Production Technician I,MA,2132,7/7/1984,Female,Single,US Citizen,No,White,7/8/2013,N/A,0,N/A-Still Employed,Active,Production       ,5,David Stanley,LinkedIn,Fully Meets,3,3.6,5,0,1/2/2019,0,4
Kristie Nowlan,Nowlan,10104,66738,20,Production Technician II,MA,1040,11/23/1985,Female,Single,US Citizen,No,White,11/10/2014,N/A,0,N/A-Still Employed,Active,Production       ,5,Elijiah Gray,Indeed,Fully Meets,3,4.53,5,0,1/16/2019,0,5
Lynn O'hare,O'hare,10303,52674,19,Production Technician I,MA,2152,9/30/1980,Female,Single,US Citizen,No,Two or more races,3/31/2014,5/1/2018,1,Performance,Terminated for Cause,Production       ,5,Kissy Sullivan,LinkedIn,PIP,1,2.33,2,0,3/9/2018,6,3
Brooke Oliver,Oliver,10078,71966,20,Production Technician II,MA,2492,2/11/1952,Female,Married,US Citizen,No,Asian,5/14/2012,8/19/2013,1,Unhappy,Voluntarily Terminated,Production       ,5,Webster Butler,LinkedIn,Fully Meets,3,5,3,0,7/2/2013,0,17
Jasmine Onque,Onque,10121,63051,3,Area Sales Manager,FL,33174,5/11/1990,Female,Single,US Citizen,Yes,White,9/30/2013,N/A,0,N/A-Still Employed,Active,Sales,6,Lynn Daneault,Indeed,Fully Meets,3,4.28,3,0,1/25/2019,0,1
Adeel Osturnka,Osturnka,10021,47414,19,Production Technician I,MA,2478,12/11/1976,Male,Married,US Citizen,No,White,9/30/2013,N/A,0,N/A-Still Employed,Active,Production       ,5,Kelley Spirea,LinkedIn,Exceeds,4,5,3,0,2/7/2019,0,13
Clinton Owad,Owad,10281,53060,19,Production Technician I,MA,1760,11/24/1979,Male,Single,US Citizen,No,Black or African American,2/17/2014,N/A,0,N/A-Still Employed,Active,Production       ,5,Michael Albert,LinkedIn,Needs Improvement,2,4.25,3,0,2/4/2019,4,6
Travis Ozark,Ozark,10041,68829,3,Area Sales Manager,NC,27229,5/19/1982,Male,Single,US Citizen,No,White,1/5/2015,N/A,0,N/A-Still Employed,Active,Sales,6,John Smith,Website,Fully Meets,3,5,5,0,1/14/2019,0,18
Nina Panjwani,Panjwani,10148,63515,19,Production Technician I,MA,2351,5/1/1979,Female,Married,US Citizen,No,White,2/7/2011,1/12/2014,1,Another Position,Voluntarily Terminated,Production       ,5,Elijiah Gray,Google Search,Fully Meets,3,3.89,4,0,3/4/2013,0,7
Lucas Patronick,Patronick,10005,108987,24,Software Engineer,MA,1844,2/20/1979,Male,Single,US Citizen,No,Black or African American,11/7/2011,9/7/2015,1,Another Position,Voluntarily Terminated,Software Engineering,4,Alex Sweetwater,Diversity Job Fair,Exceeds,4,5,5,3,8/16/2015,0,13
Randall Pearson,Pearson,10259,93093,9,Data Analyst,MA,2747,9/5/1984,Male,Married,US Citizen,No,White,12/1/2014,5/1/2016,1,Performance,Voluntarily Terminated,IT/IS,3,Simon Roup,Employee Referral,Fully Meets,3,4.7,4,5,1/16/2016,0,19
Martin Smith,Smith,10286,53564,19,Production Technician I,MA,2458,3/17/1988,Male,Single,US Citizen,No,Black or African American,1/10/2011,12/28/2017,1,Career Change,Voluntarily Terminated,Production       ,5,Webster Butler,Google Search,Needs Improvement,2,3.54,5,0,4/6/2017,4,15
Ermine Pelletier,Pelletier,10297,60270,20,Production Technician II,MA,2472,7/18/1989,Female,Married,US Citizen,No,Asian,7/5/2011,9/15/2015,1,Unhappy,Voluntarily Terminated,Production       ,5,Amy Dunn,CareerBuilder,Needs Improvement,2,2.4,5,0,2/6/2015,5,2
Shakira Perry,Perry,10171,45998,19,Production Technician I,MA,2176,7/20/1986,Female,Single,US Citizen,No,White,5/16/2011,10/25/2015,1,Medical Issues,Voluntarily Terminated,Production       ,5,Amy Dunn,LinkedIn,Fully Meets,3,3.45,4,0,5/13/2014,0,5
Lauren Peters,Peters,10032,57954,20,Production Technician II,MA,1886,8/17/1986,Female,Married,US Citizen,No,White,5/16/2011,2/4/2013,1,More Money,Voluntarily Terminated,Production       ,5,Ketsia Liebig,Indeed,Exceeds,4,4.2,5,0,1/10/2013,0,12
Ebonee Peterson,Peterson,10130,74669,18,Production Manager,MA,2030,5/9/1977,Female,Married,US Citizen,No,White,10/25/2010,5/18/2016,1,Another Position,Voluntarily Terminated,Production       ,5,Janet King,Indeed,Fully Meets,3,4.16,5,0,3/5/2015,0,6
Shana Petingill,Petingill,10217,74226,20,Production Technician II,MA,2050,3/10/1979,Female,Married,Eligible NonCitizen,No,Asian,4/2/2012,N/A,0,N/A-Still Employed,Active,Production       ,5,Brannon Miller,LinkedIn,Fully Meets,3,4.3,3,0,1/14/2019,0,14
Thelma Petrowsky,Petrowsky,10016,93554,9,Data Analyst,MA,1886,9/16/1984,Female,Married,US Citizen,No,Black or African American,11/10/2014,N/A,0,N/A-Still Employed,Active,IT/IS,3,Simon Roup,Employee Referral,Exceeds,4,4.6,5,7,1/4/2019,0,16
Hong Pham,Pham,10050,64724,19,Production Technician I,MA,2451,3/6/1988,Male,Married,US Citizen,No,Asian,7/5/2011,11/30/2012,1,More Money,Voluntarily Terminated,Production       ,5,Brannon Miller,Google Search,Fully Meets,3,5,3,0,2/20/2012,0,13
Brad Pitt,Pitt,10164,47001,19,Production Technician I,MA,2451,11/23/1981,Male,Single,US Citizen,No,White,11/5/2007,N/A,0,N/A-Still Employed,Active,Production       ,5,David Stanley,Google Search,Fully Meets,3,3.66,3,0,2/25/2019,0,15
Xana Potts,Potts,10124,61844,3,Area Sales Manager,KY,40220,8/29/1988,Female,Married,US Citizen,No,Black or African American,1/9/2012,N/A,0,N/A-Still Employed,Active,Sales,6,Lynn Daneault,Website,Fully Meets,3,4.2,5,0,2/1/2019,0,9
Morissa Power,Power,10187,46799,19,Production Technician I,MA,1742,10/15/1984,Female,Divorced,Eligible NonCitizen,No,Asian,5/16/2011,6/4/2018,1,Another Position,Voluntarily Terminated,Production       ,5,Kissy Sullivan,Google Search,Fully Meets,3,3.17,4,0,4/2/2018,0,14
Louis Punjabhi,Punjabhi,10225,59472,19,Production Technician I,MA,2109,6/19/1961,Male,Single,US Citizen,No,White,1/6/2014,N/A,0,N/A-Still Employed,Active,Production       ,5,Kelley Spirea,Employee Referral,Fully Meets,3,4.8,3,0,1/7/2019,0,14
Janine Purinton,Purinton,10262,46430,19,Production Technician I,MA,2474,9/22/1970,Female,Divorced,US Citizen,No,White,9/24/2012,6/18/2013,1,Unhappy,Voluntarily Terminated,Production       ,5,Kissy Sullivan,Indeed,Fully Meets,3,4.5,5,0,4/2/2013,0,16
Sean Quinn,Quinn,10131,83363,23,Software Engineer,MA,2045,11/6/1984,Male,Married,Eligible NonCitizen,No,Black or African American,2/21/2011,8/15/2015,1,Career Change,Voluntarily Terminated,Software Engineering,1,Janet King,Diversity Job Fair,Fully Meets,3,4.15,4,0,4/19/2014,0,4
Maggie Rachael,Rachael,10239,95920,4,BI Developer,MA,2110,5/12/1980,Female,Married,US Citizen,No,Black or African American,10/2/2016,N/A,0,N/A-Still Employed,Active,IT/IS,3,Brian Champaigne,Indeed,Fully Meets,3,4.4,4,6,2/6/2019,0,10
Quinn Rarrick,Rarrick,10152,61729,19,Production Technician I,MA,2478,12/31/1984,Male,Divorced,US Citizen,No,White,9/26/2011,4/7/2018,1,More Money,Voluntarily Terminated,Production       ,5,Michael Albert,Indeed,Fully Meets,3,3.8,5,0,2/4/2018,0,19
Kylo Ren,Ren,10140,61809,3,Area Sales Manager,ID,83706,10/12/1954,Male,Married,US Citizen,No,White,5/12/2014,N/A,0,N/A-Still Employed,Active,Sales,6,John Smith,CareerBuilder,Fully Meets,3,3.98,3,0,1/28/2019,0,4
Thomas Rhoads,Rhoads,10058,45115,19,Production Technician I,MA,2176,7/22/1982,Male,Divorced,US Citizen,Yes,White,5/16/2011,1/15/2016,1,Retiring,Voluntarily Terminated,Production       ,5,Elijiah Gray,LinkedIn,Fully Meets,3,5,4,0,3/30/2015,0,11
Haley Rivera,Rivera,10011,46738,19,Production Technician I,MA,2171,1/12/1973,Female,Married,US Citizen,No,Asian,11/28/2011,N/A,0,N/A-Still Employed,Active,Production       ,5,Webster Butler,Google Search,Exceeds,4,4.36,5,0,2/11/2019,0,16
May Roberson,Roberson,10230,64971,20,Production Technician II,MA,1902,9/5/1981,Female,Divorced,Eligible NonCitizen,No,Black or African American,9/26/2011,10/22/2011,1,Return To School,Voluntarily Terminated,Production       ,5,David Stanley,Google Search,Fully Meets,3,4.5,4,0,10/22/2011,0,10
Peter Robertson,Robertson,10224,55578,20,Production Technician II,MA,2138,7/3/1972,Male,Married,US Citizen,No,White,7/5/2011,2/8/2012,1,Another Position,Voluntarily Terminated,Production       ,5,Kissy Sullivan,Indeed,Fully Meets,3,4.2,5,0,1/6/2012,0,13
Alain Robinson,Robinson,10047,50428,19,Production Technician I,MA,1420,1/7/1974,Male,Married,US Citizen,No,Black or African American,1/10/2011,1/26/2016,1,Attendance,Voluntarily Terminated,Production       ,5,Amy Dunn,Indeed,Fully Meets,3,5,3,0,1/10/2015,0,11
Cherly Robinson,Robinson,10285,61422,19,Production Technician I,MA,1460,1/7/1985,Female,Married,US Citizen,No,White,1/10/2011,5/17/2016,1,Attendance,Terminated for Cause,Production       ,5,Ketsia Liebig,Indeed,Needs Improvement,2,3.6,3,0,4/5/2016,4,16
Elias Robinson,Robinson,10020,63353,19,Production Technician I,MA,1730,1/28/1985,Male,Widowed,US Citizen,No,White,7/8/2013,N/A,0,N/A-Still Employed,Active,Production       ,5,Brannon Miller,Employee Referral,Exceeds,4,3.6,5,0,2/11/2019,0,4
Lori Roby,Roby,10162,89883,9,Data Analyst,MA,1886,10/11/1981,Female,Married,US Citizen,No,White,2/16/2015,N/A,0,N/A-Still Employed,Active,IT/IS,3,Simon Roup,Employee Referral,Fully Meets,3,3.69,5,6,2/14/2019,0,15
Bianca Roehrich,Roehrich,10149,120000,29,Principal Data Architect,MA,2703,5/27/1973,Female,Single,US Citizen,Yes,White,1/5/2015,11/10/2018,1,Another Position,Voluntarily Terminated,IT/IS,3,Simon Roup,LinkedIn,Fully Meets,3,3.88,3,7,2/13/2018,0,12
Katie Roper,Roper,10086,150290,7,Data Architect,MA,2056,11/21/1972,Female,Single,US Citizen,No,Black or African American,1/7/2017,N/A,0,N/A-Still Employed,Active,IT/IS,3,Brian Champaigne,Indeed,Fully Meets,3,4.94,3,5,2/6/2019,0,17
Ashley Rose,Rose,10054,60627,19,Production Technician I,MA,1886,12/5/1974,Female,Separated,US Citizen,No,White,1/6/2014,N/A,0,N/A-Still Employed,Active,Production       ,5,David Stanley,Website,Fully Meets,3,5,4,0,1/31/2019,0,8
Bruno Rossetti,Rossetti,10065,53180,19,Production Technician I,MA,2155,3/18/1987,Male,Single,US Citizen,No,White,4/4/2011,8/13/2018,1,Another Position,Voluntarily Terminated,Production       ,5,Kissy Sullivan,Google Search,Fully Meets,3,5,5,0,7/2/2018,0,4
Simon Roup,Roup,10198,140920,13,IT Manager - DB,MA,2481,4/5/1973,Male,Single,US Citizen,No,White,1/20/2013,N/A,0,N/A-Still Employed,Active,IT/IS,3,Jennifer Zamora,Indeed,Fully Meets,3,3.6,5,7,2/18/2019,0,13
Ricardo Ruiz,Ruiz,10222,148999,13,IT Manager - DB,MA,1915,1/4/1964,Male,Divorced,US Citizen,No,Black or African American,1/9/2012,11/4/2015,1,Hours,Voluntarily Terminated,IT/IS,3,Jennifer Zamora,Diversity Job Fair,Fully Meets,3,4.3,4,6,1/4/2015,0,8
Adell Saada,Saada,10126,86214,24,Software Engineer,MA,2132,7/24/1986,Female,Married,US Citizen,No,White,11/5/2012,N/A,0,N/A-Still Employed,Active,Software Engineering,4,Alex Sweetwater,Indeed,Fully Meets,3,4.2,3,6,2/13/2019,0,2
Melinda Saar-Beckles,Saar-Beckles,10295,47750,19,Production Technician I,MA,1801,6/6/1968,Female,Single,US Citizen,No,Black or African American,7/4/2016,N/A,0,N/A-Still Employed,Active,Production       ,5,Kelley Spirea,Diversity Job Fair,Needs Improvement,2,2.6,4,0,2/18/2019,5,4
Nore Sadki,Sadki,10260,46428,19,Production Technician I,MA,2148,12/21/1974,Male,Single,US Citizen,No,White,1/5/2009,7/30/2018,1,Relocation Out Of Area,Voluntarily Terminated,Production       ,5,Michael Albert,Google Search,Fully Meets,3,4.6,5,0,2/5/2018,0,7
Adil Sahoo,Sahoo,10233,57975,20,Production Technician II,MA,2062,4/26/1986,Male,Married,US Citizen,No,White,8/30/2010,N/A,0,N/A-Still Employed,Active,Production       ,5,Kelley Spirea,CareerBuilder,Fully Meets,3,4.1,3,0,1/10/2019,0,13
Jason Salter,Salter,10229,88527,9,Data Analyst ,MA,2452,12/17/1987,Male,Divorced,US Citizen,No,Black or African American,1/5/2015,10/31/2015,1,Hours,Voluntarily Terminated,IT/IS,3,Simon Roup,LinkedIn,Fully Meets,3,4.2,3,5,4/20/2015,0,2
Kamrin Sander,Sander,10169,56147,19,Production Technician I,MA,2154,7/10/1988,Female,Married,US Citizen,No,Black or African American,9/29/2014,N/A,0,N/A-Still Employed,Active,Production       ,5,Elijiah Gray,LinkedIn,Fully Meets,3,3.51,3,0,2/18/2019,0,2
Nori Sewkumar,Sewkumar,10071,50923,19,Production Technician I,MA,2191,3/10/1975,Female,Single,US Citizen,No,Asian,9/30/2013,N/A,0,N/A-Still Employed,Active,Production       ,5,Webster Butler,Google Search,Fully Meets,3,5,5,0,2/6/2019,0,14
Anita Shepard,Shepard,10179,50750,15,Network Engineer,MA,1773,4/14/1981,Female,Married,US Citizen,No,White,9/30/2014,N/A,0,N/A-Still Employed,Active,IT/IS,3,Peter Monroe,LinkedIn,Fully Meets,3,3.31,3,6,1/7/2019,0,7
Seffi Shields,Shields,10091,52087,19,Production Technician I,MA,2149,8/24/1985,Female,Married,US Citizen,No,White,8/19/2013,N/A,0,N/A-Still Employed,Active,Production       ,5,Amy Dunn,LinkedIn,Fully Meets,3,4.81,4,0,2/15/2019,0,15
Kramer Simard,Simard,10178,87826,9,Data Analyst,MA,2110,2/8/1970,Male,Married,US Citizen,Yes,White,1/5/2015,N/A,0,N/A-Still Employed,Active,IT/IS,3,Simon Roup,Employee Referral,Fully Meets,3,3.32,3,7,1/14/2019,0,16
Nan Singh,Singh,10039,51920,2,Administrative Assistant,MA,2330,5/19/1988,Female,Single,US Citizen,No,White,5/1/2015,N/A,0,N/A-Still Employed,Active,Admin Offices,1,Brandon R. LeBlanc,Website,Fully Meets,3,5,3,5,1/15/2019,0,2
Constance Sloan,Sloan,10095,63878,20,Production Technician II,MA,1851,11/25/1987,Female,Single,US Citizen,No,White,10/26/2009,4/8/2015,1,Maternity Leave - Did Not Return,Voluntarily Terminated,Production       ,5,Michael Albert,CareerBuilder,Fully Meets,3,4.68,4,0,4/2/2015,0,20
Joe Smith,Smith,10027,60656,20,Production Technician II,MA,2045,10/30/1963,Male,Single,US Citizen,No,White,9/29/2014,N/A,0,N/A-Still Employed,Active,Production       ,5,Elijiah Gray,Indeed,Exceeds,4,4.3,3,0,1/28/2019,0,4
John Smith,Smith,10291,72992,21,Sales Manager,MA,1886,8/16/1984,Male,Divorced,US Citizen,No,Black or African American,5/18/2014,N/A,0,N/A-Still Employed,Active,Sales,6,Debra Houlihan,Diversity Job Fair,Needs Improvement,2,2.4,4,0,1/16/2019,2,16
Leigh Ann Smith,Smith,10153,55000,2,Administrative Assistant,MA,1844,6/14/1987,Female,Married,US Citizen,No,Black or African American,9/26/2011,9/25/2013,1,Career Change,Voluntarily Terminated,Admin Offices,1,Brandon R. LeBlanc,Diversity Job Fair,Fully Meets,3,3.8,4,4,8/15/2013,0,17
Sade Smith,Smith,10157,58939,19,Production Technician I,MA,2130,2/2/1965,Female,Single,US Citizen,No,White,11/11/2013,N/A,0,N/A-Still Employed,Active,Production       ,5,Ketsia Liebig,Employee Referral,Fully Meets,3,3.73,3,0,1/24/2019,0,16
Julia Soto,Soto,10119,66593,14,IT Support,MA,2360,3/12/1973,Female,Married,US Citizen,No,Black or African American,6/10/2011,N/A,0,N/A-Still Employed,Active,IT/IS,3,Eric Dougall,LinkedIn,Fully Meets,3,4.3,3,5,2/8/2019,0,19
Keyser Soze,Soze,10180,87565,28,Sr. Network Engineer,MA,1545,2/9/1983,Male,Married,US Citizen,No,Asian,6/30/2016,N/A,0,N/A-Still Employed,Active,IT/IS,3,Peter Monroe,LinkedIn,Fully Meets,3,3.27,4,5,1/14/2019,0,13
Taylor Sparks,Sparks,10302,64021,19,Production Technician I,MA,2093,7/20/1968,Female,Married,US Citizen,No,White,2/20/2012,N/A,0,N/A-Still Employed,Active,Production       ,5,Brannon Miller,Indeed,PIP,1,2.4,2,1,2/25/2019,6,20
Kelley Spirea,Spirea,10090,65714,18,Production Manager,MA,2451,9/30/1975,Female,Married,US Citizen,No,White,10/2/2012,N/A,0,N/A-Still Employed,Active,Production       ,5,Janet King,LinkedIn,Fully Meets,3,4.83,5,0,2/14/2019,0,15
Kristen Squatrito,Squatrito,10030,62425,19,Production Technician I,MA,2359,3/26/1973,Female,Divorced,US Citizen,No,White,5/13/2013,6/29/2015,1,Unhappy,Voluntarily Terminated,Production       ,5,David Stanley,LinkedIn,Exceeds,4,4.1,4,0,3/2/2015,0,16
Barbara M Stanford,Stanford,10278,47961,19,Production Technician I,MA,2050,8/25/1982,Female,Divorced,US Citizen,No,Two or more races,1/10/2011,N/A,0,N/A-Still Employed,Active,Production       ,5,Kissy Sullivan,Google Search,Fully Meets,3,4.1,4,0,2/7/2019,0,9
Norman Stansfield,Stansfield,10307,58273,3,Area Sales Manager,NV,89139,5/9/1974,Male,Married,US Citizen,No,White,5/12/2014,N/A,0,N/A-Still Employed,Active,Sales,6,Lynn Daneault,Website,PIP,1,1.81,2,0,1/17/2019,3,5
Tyrone Steans,Steans,10147,63003,1,Accountant I,MA,2703,9/1/1986,Male,Single,US Citizen,No,White,9/29/2014,N/A,0,N/A-Still Employed,Active,Admin Offices,1,Brandon R. LeBlanc,Indeed,Fully Meets,3,3.9,5,5,1/18/2019,0,9
Rick Stoica,Stoica,10266,61355,19,Production Technician I,MA,2301,3/14/1985,Male,Married,US Citizen,No,Asian,2/17/2014,N/A,0,N/A-Still Employed,Active,Production       ,5,Kelley Spirea,LinkedIn,Fully Meets,3,4.7,3,0,1/11/2019,0,4
Caitrin Strong,Strong,10241,60120,3,Area Sales Manager,MT,59102,5/12/1989,Female,Married,US Citizen,No,Black or African American,9/27/2010,N/A,0,N/A-Still Employed,Active,Sales,6,John Smith,Indeed,Fully Meets,3,4.1,4,0,1/31/2019,0,18
Kissy Sullivan,Sullivan,10158,63682,18,Production Manager,MA,1776,3/28/1978,Female,Married,US Citizen,No,Black or African American,1/8/2009,N/A,0,N/A-Still Employed,Active,Production       ,5,Janet King,Indeed,Fully Meets,3,3.73,4,0,1/24/2019,0,12
Timothy Sullivan,Sullivan,10117,63025,19,Production Technician I,MA,2747,10/7/1982,Male,Married,US Citizen,Yes,White,1/5/2015,N/A,0,N/A-Still Employed,Active,Production       ,5,Michael Albert,Google Search,Fully Meets,3,4.36,5,0,1/24/2019,0,10
Barbara Sutwell,Sutwell,10209,59238,19,Production Technician I,MA,2718,8/15/1968,Female,Single,Eligible NonCitizen,No,Asian,5/14/2012,N/A,0,N/A-Still Employed,Active,Production       ,5,Elijiah Gray,Indeed,Fully Meets,3,3.4,5,0,1/31/2019,0,13
Andrew Szabo,Szabo,10024,92989,24,Software Engineer,MA,2140,5/6/1983,Male,Single,US Citizen,No,White,7/7/2014,N/A,0,N/A-Still Employed,Active,Software Engineering,4,Alex Sweetwater,LinkedIn,Exceeds,4,4.5,5,5,2/18/2019,0,1
Biff Tannen,Tannen,10173,90100,4,BI Developer,MA,2134,10/24/1987,Male,Married,US Citizen,No,White,4/20/2017,N/A,0,N/A-Still Employed,Active,IT/IS,3,Brian Champaigne,Indeed,Fully Meets,3,3.4,3,6,1/2/2019,0,14
Desiree Tavares,Tavares,10221,60754,19,Production Technician I,MA,1801,4/3/1975,Female,Married,Non-Citizen,No,Black or African American,4/27/2009,4/1/2013,1,Another Position,Voluntarily Terminated,Production       ,5,Webster Butler,Diversity Job Fair,Fully Meets,3,4.5,5,0,2/15/2012,0,11
Lenora Tejeda,Tejeda,10146,72202,20,Production Technician II,MA,2129,5/24/1953,Female,Married,US Citizen,No,White,5/16/2011,7/8/2017,1,Another Position,Voluntarily Terminated,Production       ,5,Elijiah Gray,Google Search,Fully Meets,3,3.93,3,0,4/18/2017,0,3
Sharlene Terry,Terry,10161,58370,3,Area Sales Manager,OR,97756,5/7/1965,Female,Single,US Citizen,No,Black or African American,9/29/2014,N/A,0,N/A-Still Employed,Active,Sales,6,Lynn Daneault,Indeed,Fully Meets,3,3.69,3,0,1/28/2019,0,18
Sophia Theamstern,Theamstern,10141,48413,19,Production Technician I,MA,2066,5/9/1965,Female,Single,US Citizen,No,White,7/5/2011,9/5/2016,1,Return To School,Voluntarily Terminated,Production       ,5,Amy Dunn,Indeed,Fully Meets,3,3.98,4,0,3/2/2016,0,1
Kenneth Thibaud,Thibaud,10268,67176,20,Production Technician II,MA,2472,9/16/1975,Male,Widowed,US Citizen,No,White,6/25/2007,8/30/2010,1,Military,Voluntarily Terminated,Production       ,5,Webster Butler,Other,Fully Meets,3,4.1,4,0,7/14/2010,0,15
Jeanette Tippett,Tippett,10123,56339,19,Production Technician I,MA,2093,6/5/1967,Female,Divorced,US Citizen,No,Black or African American,2/18/2013,N/A,0,N/A-Still Employed,Active,Production       ,5,Brannon Miller,Indeed,Fully Meets,3,4.21,5,0,1/14/2019,0,4
Jack Torrence,Torrence,10013,64397,3,Area Sales Manager,ND,58782,1/15/1968,Male,Separated,US Citizen,No,White,1/9/2006,N/A,0,N/A-Still Employed,Active,Sales,6,Lynn Daneault,Indeed,Exceeds,4,4.1,3,0,1/4/2019,0,6
Mei Trang,Trang,10287,63025,19,Production Technician I,MA,2021,5/16/1983,Female,Single,US Citizen,No,White,2/17/2014,N/A,0,N/A-Still Employed,Active,Production       ,5,David Stanley,LinkedIn,Needs Improvement,2,2.44,5,0,2/11/2019,4,18
Neville Tredinnick,Tredinnick,10044,75281,15,Network Engineer,MA,1420,5/5/1988,Male,Married,US Citizen,No,White,1/5/2015,2/12/2016,1,Medical Issues,Voluntarily Terminated,IT/IS,3,Peter Monroe,CareerBuilder,Fully Meets,3,5,3,5,4/15/2015,0,11
Edward True,TRUE,10102,100416,24,Software Engineer,MA,2451,6/14/1983,Male,Single,Non-Citizen,No,Black or African American,2/18/2013,4/15/2018,1,Medical Issues,Voluntarily Terminated,Software Engineering,4,Alex Sweetwater,Diversity Job Fair,Fully Meets,3,4.6,3,4,2/12/2017,0,9
Cybil Trzeciak,Trzeciak,10270,74813,20,Production Technician II,MA,1778,3/15/1985,Female,Single,US Citizen,No,White,1/10/2011,7/2/2014,1,Unhappy,Voluntarily Terminated,Production       ,5,Amy Dunn,LinkedIn,Fully Meets,3,4.4,3,0,1/5/2014,0,5
Jumil Turpin,Turpin,10045,76029,15,Network Engineer,MA,2343,3/31/1969,Male,Married,Eligible NonCitizen,No,White,3/30/2015,N/A,0,N/A-Still Employed,Active,IT/IS,3,Peter Monroe,Employee Referral,Fully Meets,3,5,4,7,1/14/2019,0,8
Jackie Valentin,Valentin,10205,57859,3,Area Sales Manager,AZ,85006,5/23/1991,Female,Married,US Citizen,No,Two or more races,7/5/2011,N/A,0,N/A-Still Employed,Active,Sales,6,John Smith,Indeed,Fully Meets,3,2.81,3,0,1/17/2019,0,16
Abdellah Veera,Veera,10014,58523,19,Production Technician I,MA,2171,1/31/1987,Male,Divorced,US Citizen,No,White,8/13/2012,2/5/2016,1,Maternity Leave - Did Not Return,Voluntarily Terminated,Production       ,5,Kissy Sullivan,LinkedIn,Exceeds,4,4.5,5,0,2/1/2016,0,15
Vincent Vega,Vega,10144,88976,17,Production Manager,MA,2169,10/10/1968,Male,Divorced,US Citizen,No,White,8/1/2011,N/A,0,N/A-Still Employed,Active,Production       ,5,Janet King,Employee Referral,Fully Meets,3,3.93,3,0,2/27/2019,0,19
Noah Villanueva,Villanueva,10253,55875,3,Area Sales Manager,ME,4063,7/11/1989,Male,Single,US Citizen,No,Asian,3/5/2012,N/A,0,N/A-Still Employed,Active,Sales,6,John Smith,Website,Fully Meets,3,4.5,4,0,1/18/2019,0,11
Lord Voldemort,Voldemort,10118,113999,8,Database Administrator,MA,1960,8/7/1986,Male,Married,US Citizen,No,Black or African American,2/16/2015,2/22/2017,1,No-Call,,,,,,,,,,,,,
Colleen Volk,Volk,10022,49773,19,Production Technician I,MA,2747,6/3/1986,Female,Married,US Citizen,No,White,9/26/2011,2/8/2016,1,Gross Misconduct,Terminated for Cause,Production       ,5,Kelley Spirea,Google Search,Exceeds,4,4.3,5,0,2/1/2015,0,18
Anna Von Massenbach,Von Massenbach,10183,62068,19,Production Technician I,MA,2124,4/6/1985,Female,Single,US Citizen,No,White,7/5/2015,N/A,0,N/A-Still Employed,Active,Production       ,5,Michael Albert,LinkedIn,Fully Meets,3,3.21,3,0,1/29/2019,0,7
Roger Walker,Walker,10190,66541,20,Production Technician II,MA,2459,2/10/1976,Male,Single,US Citizen,No,Black or African American,8/18/2014,N/A,0,N/A-Still Employed,Active,Production       ,5,Ketsia Liebig,Employee Referral,Fully Meets,3,3.11,5,0,2/12/2019,0,4
Courtney E Wallace,Wallace,10274,80512,18,Production Manager,MA,2478,11/14/1955,Female,Married,US Citizen,No,Black or African American,9/26/2011,1/2/2012,1,Another Position,Voluntarily Terminated,Production       ,5,Janet King,Diversity Job Fair,Fully Meets,3,4.5,3,0,1/2/2012,0,5
Theresa Wallace,Wallace,10293,50274,19,Production Technician I,MA,1887,8/2/1980,Female,Single,US Citizen,No,White,8/13/2012,9/1/2015,1,Career Change,Voluntarily Terminated,Production       ,5,Elijiah Gray,CareerBuilder,Needs Improvement,2,2.5,3,0,9/5/2014,6,13
Charlie Wang,Wang,10172,84903,22,Senior BI Developer,MA,1887,7/8/1981,Male,Single,US Citizen,No,Asian,2/15/2017,N/A,0,N/A-Still Employed,Active,IT/IS,3,Brian Champaigne,Indeed,Fully Meets,3,3.42,4,7,1/4/2019,0,17
Sarah Warfield,Warfield,10127,107226,28,Sr. Network Engineer,MA,2453,5/2/1978,Female,Widowed,US Citizen,No,Asian,3/30/2015,N/A,0,N/A-Still Employed,Active,IT/IS,3,Peter Monroe,Employee Referral,Fully Meets,3,4.2,4,8,2/5/2019,0,7
Scott Whittier,Whittier,10072,58371,19,Production Technician I,MA,2030,5/24/1987,Male,Single,US Citizen,Yes,White,1/10/2011,5/15/2014,1,Hours,Voluntarily Terminated,Production       ,5,Webster Butler,LinkedIn,Fully Meets,3,5,5,0,5/15/2014,0,11
Barry Wilber,Wilber,10048,55140,19,Production Technician I,MA,2324,9/9/1965,Male,Married,Eligible NonCitizen,No,White,5/16/2011,9/7/2015,1,Unhappy,Voluntarily Terminated,Production       ,5,Amy Dunn,Website,Fully Meets,3,5,3,0,2/15/2015,0,7
Annie Wilkes,Wilkes,10204,58062,19,Production Technician I,MA,1876,7/30/1983,Female,Divorced,US Citizen,No,White,1/10/2011,5/14/2012,1,Another Position,Voluntarily Terminated,Production       ,5,Ketsia Liebig,Google Search,Fully Meets,3,3.6,5,0,2/6/2011,0,9
Jacquelyn Williams,Williams,10264,59728,19,Production Technician I,MA,2109,10/2/1969,Female,Single,US Citizen,Yes,Black or African American,1/9/2012,6/27/2015,1,Relocation Out Of Area,Voluntarily Terminated,Production       ,5,Ketsia Liebig,Diversity Job Fair,Fully Meets,3,4.3,4,0,6/2/2014,0,16
Jordan Winthrop,Winthrop,10033,70507,20,Production Technician II,MA,2045,11/7/1958,Male,Single,US Citizen,No,White,1/7/2013,2/21/2016,1,Retiring,Voluntarily Terminated,Production       ,5,Brannon Miller,LinkedIn,Exceeds,4,5,3,0,1/19/2016,0,7
Hang T Wolk,Wolk,10174,60446,20,Production Technician II,MA,2302,4/20/1985,Female,Single,US Citizen,No,White,9/29/2014,N/A,0,N/A-Still Employed,Active,Production       ,5,David Stanley,LinkedIn,Fully Meets,3,3.4,4,0,2/21/2019,0,14
Jason Woodson,Woodson,10135,65893,20,Production Technician II,MA,1810,5/11/1985,Male,Single,US Citizen,No,White,7/7/2014,N/A,0,N/A-Still Employed,Active,Production       ,5,Kissy Sullivan,LinkedIn,Fully Meets,3,4.07,4,0,2/28/2019,0,13
Catherine Ybarra,Ybarra,10301,48513,19,Production Technician I,MA,2458,5/4/1982,Female,Single,US Citizen,No,Asian,9/2/2008,9/29/2015,1,Another Position,Voluntarily Terminated,Production       ,5,Brannon Miller,Google Search,PIP,1,3.2,2,0,9/2/2015,5,4
Jennifer Zamora,Zamora,10010,220450,6,CIO,MA,2067,8/30/1979,Female,Single,US Citizen,No,White,4/10/2010,N/A,0,N/A-Still Employed,Active,IT/IS,3,Janet King,Employee Referral,Exceeds,4,4.6,5,6,2/21/2019,0,16
Julia Zhou,Zhou,10043,89292,9,Data Analyst,MA,2148,2/24/1979,Female,Single,US Citizen,No,White,3/30/2015,N/A,0,N/A-Still Employed,Active,IT/IS,3,Simon Roup,Employee Referral,Fully Meets,3,5,3,5,2/1/2019,0,11
Colleen Zima,Zima,10271,45046,19,Production Technician I,MA,1730,8/17/1978,Female,Widowed,US Citizen,No,Asian,9/29/2014,N/A,0,N/A-Still Employed,Active,Production       ,5,David Stanley,LinkedIn,Fully Meets,3,4.5,5,0,1/30/2019,0,2
